id,title,description,platforms,userscore,Action,Adventure,Platformer,Puzzle/Horror,RPG,Racing,Shooter,Simulation,Sports,Strategy
1300638463,Astro Bot,"When the PS5 mothership is attacked by ASTRO’s long-standing galactic nemesis, scrambling its wires and scattering the crew throughout space, only ASTRO can make things right. Setting off on his biggest mission yet, he needs your help to rescue the stranded crew and rebuild the mothership. Make the most of ASTRO’s new power-ups, handcrafted to level up your immersion: from springy punches and rockets all the way to a giant sponge! Buckle up for some epic PlayStation camaraderie, join forces with your favourite PlayStation icons and show the universe that small is mighty in this fresh new ASTRO adventure, exclusive to PS5 consoles.",PlayStation 5,0.9420289855072463,0,0,1,0,0,0,0,0,0,0
1300501848,Baldur's Gate 3,"An ancient evil has returned to Baldur's Gate, intent on devouring it from the inside out. The fate of Faerun lies in your hands. Alone, you may resist. But together, you can overcome. Gather your party and return to the Forgotten Realms in a tale of fellowship and betrayal, sacrifice and survival, and the lure of absolute power. Mysterious abilities are awakening inside you, drawn from a mind flayer parasite planted in your brain. Resist, and turn darkness against itself. Or embrace corruption, and become ultimate evil.","PC,PlayStation 5,Xbox Series X",0.9565217391304348,0,0,0,0,1,0,0,0,0,0
1300044321,Battlefield 3,"As bullets whiz by, walls crumble, and explosions throw you to the ground, the battlefield feels more alive and interactive than ever before. In Battlefield 3, players step into the role of the elite U.S. Marines where they will experience heart-pounding single player missions and competitive multiplayer actions ranging across diverse locations from around the globe including Europe, Middle-East and North America. ","PC,Xbox 360,PlayStation 3",0.7391304347826086,0,0,0,0,0,0,1,0,0,1
1300022724,BioShock,"Going beyond ""run and gun corridors,"" ""monster-closet AIs"" and static worlds, BioShock creates a living, unique and unpredictable FPS experience. After your plane crashes into icy uncharted waters, you discover a rusted bathysphere and descend into Rapture, a city hidden beneath the sea. Constructed as an idealistic society for a hand picked group of scientists, artists and industrialists, the idealism is no more. Now the city is littered with corpses, wildly powerful guardians roam the corridors as little girls loot the dead, and genetically mutated citizens ambush you at every turn. Take control of your world by hacking mechanical devices, commandeering security turrets and crafting unique items critical to your very survival. Upgrade your weapons with ionic gels, explosives and toxins to customize them to the enemy and environment. Genetically modify your body through dozens of Plasmid Stations scattered throughout the city, empowering you with fantastic and often grotesque abilities. Explore a living world powered by Ecological A.I., where the inhabitants have interesting and consequential relationships with one another that impact your gameplay experience. Experience truly next generation graphics that vividly illustrate the forlorn art deco city, highlighted by the most detailed and realistic water effects ever developed in a video game. Make meaningful choices and mature decisions, ultimately culminating in the grand question: do you exploit the innocent survivors of Rapture...or save them? [2K Games]","PC,Xbox 360,PlayStation 3,iOS (iPhone/iPad)",0.8985507246376812,0,0,0,0,0,0,1,0,0,0
1300287014,Bloodborne,"Bloodborne is an action RPG in which you hunt for answers in the ancient city of Yharnam, now cursed with a strange endemic illness spreading through the streets like a disease. Peril, death and madness infest this dark world, and you're tasked with uncovering its darkest secrets which will be necessary for you to survive. Armed with a singular arsenal of weaponry, including guns and saw cleavers, you'll require wits, strategy and reflexes to dispatch the agile and intelligent enemies that guard the city's underbelly. You will utility holy chalices to access an array of vast underground ruins, chock full of traps, beasts, and rewards, to explore and conquer on your own or with other people.",PlayStation 4,0.9130434782608695,1,0,0,0,1,0,0,0,0,0
1300020346,Burnout 3: Takedown,"Burnout 3 takes the hit series even further, now featuring a unique ""crash and burn"" racing concept and a one-of-a-kind special effects engine that delivers spectacular visuals. The intensity heats up as players race, and often crash, their way through oncoming traffic in an attempt to claim the top spot. Boasting multiple single-player, multiplayer and online crash and race modes, Burnout 3 offers players the opportunity to race through busy city streets and be rewarded for taking risks that result in heart-pounding action and electrifying crashes. [Electronic Arts]","PlayStation 2,Xbox",0.8840579710144928,0,0,0,0,0,1,0,0,0,0
1300043876,Call of Duty: Black Ops,"Treyarch is developing the next installment in the Call of Duty franchise, rumored to be set during the Cold War. ","PC,PlayStation 3,Xbox 360,Wii,DS",0.6666666666666666,0,0,0,0,0,0,1,0,0,1
1300482898,Call of Duty: Black Ops 4,"Black Ops returns - in your face. Featuring gritty, grounded, fluid Multiplayer combat, a massive Zombies offering with 3 full undead adventures at launch, and Blackout, where the universe of Black Ops comes to life in one huge battle royale experience featuring the largest map in Call of Duty history, signature Black Ops combat, characters, locations and weapons from the entire Black Ops series. Soldier up for all-out combat – tailor made for the Black Ops community. [Treyarch]","PlayStation 4,Xbox One,PC",0.2463768115942029,0,0,0,1,0,0,1,0,0,1
1300637658,Call of Duty: Black Ops 6,"Developed by Treyarch and Raven Software, Call of Duty: Black Ops 6 is a spy action thriller set in the early 1990s, a period of transition and upheaval in global politics, characterized by the end of the Cold War and the rise of the United States as a single superpower. With a mind-bending narrative, and unbound by the rules of engagement, this is signature Black Ops.
Initial Intel: Campaign: The Black Ops 6 Campaign takes players to a new point in time – the early 1990s. In true Black Ops fashion, the fictional story builds on the history of the time, thrusting you into a strange and clandestine conspiracy where a shadowy force has infiltrated the U.S. government. Anyone who resists is branded as a traitor, forcing players to go rogue for the first time to fight the very machine that created them. Nothing is what it seems, and the truth may be hard to fathom, drawing you ever deeper into intrigue, distrust, and mind-bending psychological revelations. This is true, signature Black Ops style.

Initial Intel: Multiplayer: Offering a massive amount of content at launch, expect 16 brand new Multiplayer maps on Day One, including 12 Core 6v6 maps and four small-sized Strike maps, the latter of which are unique, stand-alone locations designed to be played in 2v2 or Face Off 6v6 matches. Multiplayer is also where you’ll test your skills and learn how to move like an action hero, with innovations like Omnimovement – allowing you to sprint, slide and dive in any direction – as well as Intelligent Movement (sprinting, mantling, and crouch assists allowing you to focus on achieving incredible and complex maneuvers with ease), increased enemy hit zones, an incredible lineup of gear, HUD optimizations, and the return of Theater Mode and Classic Prestige!
All designed to ensure this game is the ultimate Black Ops Multiplayer experience.

Initial Intel: Round-Based Zombies: Black Ops 6 also marks the epic return of Round-Based Zombies, the fan-favorite mode where players will take down hordes of the undead. Expect two brand-new maps at launch, and an impressive number of secrets to discover. ","Xbox Series X,PlayStation 5,PC",0.5217391304347826,0,0,0,1,0,0,1,0,0,1
1300456881,Call of Duty: Infinite Warfare,"Infinite Warfare is the first game in the franchise to venture beyond the reaches of Earth, framing a plausible future war in our solar system.  Infinite Warfare also introduces an original cooperative Zombies mode that takes players on a wild ride through a new storyline with unique gameplay features and mechanics. [Infinity Ward]","PlayStation 4,Xbox One,PC",0.2608695652173913,0,0,0,1,0,0,1,0,0,1
1300039118,Call of Duty: Modern Warfare 2,"Modern Warfare 2 continues the gripping and heart-racing action as players face off against a new threat dedicated to bringing the world to the brink of collapse. An entirely new gameplay mode which supports 2-player co-operative play online that is unique from the single player story campaign. Special Ops pits players into a gauntlet of time-trial and objective-based missions. Rank-up as players unlock new Special Ops missions, each more difficult. Missions include highlights from the single player campaign, fan favorites from Call of Duty 4: Modern Warfare and all new, exclusive missions. Setting a new bar for online multiplayer, Modern Warfare 2 multiplayer delivers new capabilities, customization, gamestates and modes, including: Create-a-Class Evolved. Secondary Weapons - Machine Pistols, Shotguns, Handguns, Launchers. Riot Shields. Equipment - Throwing Knives, Blast Shield, Tactical Insertion. Perk Upgrades. Bling (Dual Attachments). Customizable Killstreaks - AC130, Sentry Gun, Predator Missile, Counter-UAV, Care Package. Accolades (Post match reports). [Activision]","PC,PlayStation 3,Xbox 360",0.782608695652174,0,0,0,0,0,0,1,0,0,0
1300639549,Clair Obscur: Expedition 33,"Once a year, the Paintress wakes and paints upon her monolith. Paints her cursed number. And everyone of that age turns to smoke and fades away. Year by year, that number ticks down and more of us are erased. Tomorrow she’ll wake and paint “33.” And tomorrow we depart on our final mission - Destroy the Paintress, so she can never paint death again. We are Expedition 33. Clair Obscur: Expedition 33 is a turn-based RPG with unique real-time mechanics, making battles more immersive and addictive than ever. Explore a fantasy world inspired by Belle Époque France in which you battle devastating enemies. In this evolution of JRPGs, real-time actions enhance the heart of turn-based combat. Craft unique builds for your Expeditioners that fit your playstyle via gear, stats, skills, and character synergies. Open an active dimension in combat - dodge, parry, and counter in real time, chain combos by mastering attack rhythms, and target enemy weak points using a free aim system. With only one year left to live, join Gustave, Maelle, and their fellow Expeditioners as they embark upon a desperate quest to break the Paintress’ cycle of death. Follow the trail of previous expeditions and discover their fate. Get to know the members of Expedition 33 as they learn to work together against impossible odds. Explore an enchanting realm populated by surreal adversaries. Wander through breathtaking landscapes, from the Island of Visages to the Forgotten Battlefield, discovering secrets and hidden quests along the way. Find allies of fortune in creatures of legend. Recruit special companions to access new travel methods and discover secret areas in the World Map.","Xbox Series X,PC,PlayStation 5",1.0,0,0,0,0,1,0,0,0,0,0
1300300144,Crypt of the NecroDancer,"A hardcore rhythm-based roguelike game. Can you survive this deadly dungeon of dance, slay the NecroDancer, and recapture your still beating heart? Or will you be a slave to the rhythm for all eternity? Players must move on the beat to navigate procedurally generated dungeons while battling dancing skeletons, zombies, dragons, and more! Groove with the game's epic dance soundtrack, or select songs from your own MP3 collection! You can even play with a dance pad to really shake your bones!","PC,PlayStation 4,iOS (iPhone/iPad),Xbox One,Nintendo Switch",0.7536231884057971,0,0,0,1,0,0,0,0,1,0
1300003373,DOOM 3,"id Software's terrifying battle with the forces of Hell. A massive demonic invasion has overwhelmed the Union Aerospace Corporations&#8217; (UAC) Mars Research Facility leaving only chaos and horror in its wake. As one of only a few survivors, you struggle with shock and fear as you fight your way to Hell and back, in an epic clash against pure evil. Built on id&#8217;s revolutionary new 3D graphics engine, DOOM 3 draws you into the most frightening and gripping 3D gaming experience ever created.","PC,Xbox",0.7391304347826086,0,0,0,1,0,0,1,0,0,0
1300033517,Dead Space (2008),"In the bold and often-bloody Dead Space gamers step into a third-person sci-fi survival horror experience that delivers psychological thrills and gruesome action. Set in the cold blackness of deep space, the atmosphere is soaked with a feeling of tension, dread and sheer terror. In Dead Space, players step into the role of engineer Isaac Clarke – an ordinary man on a seemingly routine mission to fix the communications systems aboard a deep space mining ship. It is not long before Isaac awakes to a living nightmare when he learns that the ship's crew has been ravaged by a vicious alien infestation. He must fight through the dead silence and darkness of deep space to stay alive. [Electronic Arts]","Xbox 360,PlayStation 3,PC",0.8840579710144928,0,0,0,1,0,0,1,0,0,0
1300057521,Dead Space 2,"Hero Isaac Clarke returns for another heart-pounding adventure, taking the fight to the Necromorphs in this thrilling action-horror experience. New tools to gruesomely slice and dismember the Necromorphs complement Isaac's signature Plasma Cutter, empowering him as he meets new characters, explores epic Zero-G environments, and fights against a relentless necromorph onslaught.  Survival isn't the only thing on Isaac's mind in Dead Space 2  – this time, he calls the shots. [Electronic Arts]","PlayStation 3,Xbox 360,PC",0.8695652173913043,0,0,0,1,0,0,1,0,0,0
1300450945,Divinity: Original Sin II,"Master deep, tactical combat. Join up to 3 other players - but know that only one of you will have the chance to become a God. ",PC,0.8985507246376812,0,0,0,0,1,0,0,0,0,0
1300679044,Donkey Kong Bananza,"The big guy is back—and he’s not alone! Explore a vast underground world with Donkey Kong and Pauline—by smashing your way through it! With DK’s brute force and Pauline’s special singing abilities, you can crash through walls, carve tunnels with your fists, punch straight down into the ground, and even tear off chunks of terrain to swing around and throw in groundbreaking exploration. The more you smash, the more areas open up to explore. Join DK and his companion, Pauline, as they delve deep underground—and discover that this subterranean world is a lot more than it seems on the surface. Uncover a variety of environments such as arid canyons, lush forests, and frigid tundra as you peel back the world’s layers. [Nintendo]",Nintendo Switch 2,0.927536231884058,0,0,1,0,0,0,0,0,0,0
1300501979,Elden Ring,"A New World Created By Hidetaka Miyazaki And George R. R. Martin

ELDEN RING, developed by FromSoftware, Inc. and BANDAI NAMCO Entertainment Inc., is a fantasy action-RPG adventure set within a world created by Hidetaka Miyazaki creator of the influential DARK SOULS video game series; and George R.R. Martin author of The New York Times best-selling fantasy series, A Song of Ice and Fire. Danger and discovery lurk around every corner in FromSoftware's largest game to-date. 

Hidetaka Miyazaki, President and Game Director of FromSoftware Inc. Known for directing critically-acclaimed games in beloved franchises including Armored Core, Dark Souls, and Sekiro: Shadows Die Twice. 

George R.R. Martin is the #1 New York Times bestselling author of many novels, including the acclaimed series A Song of Ice and Fire - A Game of Thrones, A Clash of Kings, A Storm of Swords, A Feast For Crows, and A Dance with Dragons. As a writer-producer, he has worked on The Twilight Zone, Beauty and the Beast, and various feature films and pilots that were never made.","PC,Xbox Series X,PlayStation 5",0.8405797101449275,1,0,0,0,1,0,0,0,0,0
1300468325,FIFA 18,"The game takes advantage of the console’s unique portability, allowing players to enjoy the game in docked, handheld or tabletop mode, and utilizing local multiplayer connection for Local Seasons. Multiple control schemes are also featured, so whether you prefer to play handheld, dual Joy-Con, single Joy-Con or Pro Controller, there’s an option to fit your playstyle.","Nintendo Switch,PlayStation 4,Xbox One,PC",0.2318840579710145,0,0,0,0,0,0,0,1,1,0
1300044036,FIFA Soccer 10,"On the pitch, critical gameplay fundamentals have been enhanced to ensure that FIFA Soccer 10 mirrors real-world soccer, providing more sophisticated ball control, and physical interaction between players. In addition, players now move, behave and position themselves more realistically. On attack, players analyze space more effectively, curve their runs in an attempt to stay onside, create passing lanes naturally, and drive for more variety in attacking options. On defense, new concepts like position priority enable defenders to multitask so dangerous spaces left open by teammates out of position are covered. Plus, slide tackle targeting, press marking, and better-urgency clearance logic provide new options that make defending a tactical skill in FIFA Soccer 10. In goal, a myriad of improvements and refinements to goalkeeper intelligence result in a more responsive and powerful rushing system and ultra-realistic saves. Better balance on lofted through balls, improved goalkeeper intelligence, more realistic shooting mechanics with less shots hitting the goal posts, a practice arena to perfect skills, and a more immersive soccer experience through continuous play and quick free kicks are just a few of the issues raised by fans and addressed in FIFA Soccer 10. Three new innovations revealed today at E3 have been developed to change the player control experience in FIFA Soccer 10. The first-ever true 360 degree dribbling system gives players finer control of the ball, enabling them to find spaces between defenders that previously were not possible. Using an all-new animation technology, skilled dribblers now have the ability to face the defender and use highly responsive lateral dribbling to skip past him. An innovative concept called Freedom in Physical Play enables players to perform wider dribble touches and new collision sharing creates a varied, less predictable, and extended fight for possession between the dribbler and a defender.
FIFA Soccer 10 also features a deeper iteration of the ever-popular Manager Mode with more than 50 major improvements, including new match realism, realistic player transfers based on multiple decision points, and true-to-life player growth curves. [Electronic Arts]","PlayStation 3,Xbox 360,PC,PSP,Wii",0.7101449275362319,0,0,0,0,0,0,0,1,1,0
1300106311,FIFA Soccer 12,"Take to the pitch with superstars like Real Madrid’s Kaká and Manchester United’s Wayne Rooney, and become a true marksman using all-new optional touch screen controls.  Enjoy precision shooting by picking a spot precisely from the player’s viewpoint using the lower touch screen and then finessing a shot with pinpoint accuracy. Utilize touch screen controls on set pieces to draw a shot that curves the ball around, or even power it over the wall for the match-winning goal that lifts your club to victory.","iOS (iPhone/iPad),3DS,Xbox 360,PlayStation 3,PC,Wii",0.6376811594202898,0,0,0,0,0,0,0,1,1,0
1300019837,Fallout 3,"[Metacritic's 2008 PC Game of the Year] Vault-Tec engineers have worked around the clock on an interactive reproduction of Wasteland life for you to enjoy from the comfort of your own vault. Included is an expansive world, unique combat, shockingly realistic visuals, tons of player choice, and an incredible cast of dynamic characters. Every minute is a fight for survival against the terrors of the outside world – radiation, Super Mutants, and hostile mutated creatures. From Vault-Tec, America's First Choice in Post Nuclear Simulation. Vault 101 - Jewel of the Wastes. For 200 years, Vault 101 has faithfully served the surviving residents of Washington DC and its environs, now known as the Capital Wasteland. Though the global atomic war of 2077 left the US all but destroyed, the residents of Vault 101 enjoy a life free from the constant stress of the outside world. Giant Insects, Raiders, Slavers, and yes, even Super Mutants are all no match for superior Vault-Tec engineering. Yet one fateful morning, you awake to find that your father has defied the Overseer and left the comfort and security afforded by Vault 101 for reasons unknown. Leaving the only home you've ever known, you emerge from the Vault into the harsh Wasteland sun to search for your father, and the truth. [Bethesda Softworks]","PC,PlayStation 3,Xbox 360",0.8115942028985508,0,0,0,0,1,0,0,0,0,0
1300572558,Final Fantasy VII Rebirth,"FINAL FANTASY VII REBIRTH is the  new story in the FINAL FANTASY VII remake project, a reimagining of the iconic original game into three standalone titles by its original creators. In this game, players will enjoy various new elements as the story unfolds, culminating in the party’s journey to “The Forgotten Capital” from the original FINAL FANTASY VII. Cloud and his comrades escape the city of Midgar in pursuit of the fallen hero, Sephiroth. As they travel across the world, they find themselves on a journey that will decide the fate of the planet. In this standalone adventure for fans and newcomers, Cloud and his comrades venture across the planet, their fates unwritten, making each step outside the dystopian city of Midgar fresh and mysterious. [Square Enix]","PlayStation 5,PC",0.9130434782608695,1,0,0,0,1,0,0,0,0,0
1300117969,Fire Emblem: Awakening,"Lead an army of soldiers in a series of scaled turn-based strategy battles. In the process, develop relationships with your team, utilizing their special abilities on the battlefield to gain victory and advance the story, which features a wide array of characters from a variety of nations and backgrounds. They can be joined by a character of your making, with a unique appearance crafted as you see fit.",3DS,0.927536231884058,0,0,0,0,0,0,0,0,0,1
1300464176,Fire Emblem: Three Houses,"War is coming to the continent of Fódlan. Here, order is maintained by the Church of Seiros, which hosts the prestigious Officer's Academy within its headquarters. You are invited to teach one of its three mighty houses, each comprised of students brimming with personality and represented by a royal from one of three territories. As their professor, you must lead your students in their academic lives and in turn-based, tactical RPG battles wrought with strategic, new twists to overcome. Which house, and which path, will you choose?",Nintendo Switch,0.9130434782608695,0,0,0,0,0,0,0,0,0,1
1300115176,Football Manager 2012,"Counting over 800 new features, not including changes to the rules of the games 50+ leagues, Football Manager 2012 promises to be the most realistic, immersive and playable football management simulation ever for any fan who has ever dreamed of making the big decisions, both on and off the field.",PC,0.7971014492753623,0,0,0,0,0,0,0,1,1,1
1300193662,Football Manager 2014,"FM 2014 features a rehauled transfer module in which opposing clubs and managers adopt a more realistic approach when making or responding to transfer offers. Additional, a host of new ‘real world’ transfer clauses have been added, such as the facility to loan a player back to the club he has just been bought from and the option to offer a combination of money and loan players, as well as new contract clauses such as a sub bench appearance fee. Beyond this, the old ‘turn-based’ system of transfer negotiations can now be accomplished two ways, the tried and tested system and a new ‘live’ system, similar to that used in Football Manager’s contract negotiations.",PC,0.463768115942029,0,0,0,0,0,0,0,1,1,1
1300285698,Forza Horizon 2,"Race through a wide-open world featuring dramatic weather and day to night cycles. Connect with friends in this celebration of speed, style, and action-packed driving. Explore exotic locations in more than 200 of the world’s greatest cars.",Xbox One,0.8405797101449275,0,0,0,0,0,1,0,1,0,0
1300457791,Forza Horizon 3,"You are now in charge of the Horizon Festival. Customize everything, hire and fire your friends, and explore Australia in over 350 of the world’s greatest cars. Make your Horizon the ultimate celebration of cars, music, and freedom of the open road. How you get there is up to you. With the new Horizon Blueprint feature, you have the power to create and instantly share your custom gameplay. You can even hire friends to star in your festival and win you more fans. If they’re not winning you fans, fire them. Danger Sign Jumps, Convoys, Drift Zones, and Showcase events that pit you and against a fleet of speedboats, a giant zeppelin, and more. Select your own driver character, customize your cars, create vanity license plates – even choose your own horn sound. Drive to the music you love choosing from eight diverse radio stations, or create a custom station using your own music collection. In addition to 12-player online free roam and multiplayer racing, all-new 4-player online co-op allows you and your friends to enjoy the variety, competition, and rewards of a Horizon campaign together for the first time. [Xbox.com]","Xbox One,PC",0.8260869565217391,0,0,0,0,0,1,0,1,0,0
1300486960,Forza Horizon 4,"For the first time in the racing and driving genre, experience dynamic seasons in a shared open-world. Explore beautiful scenery, collect over 450 cars, and become a Horizon Superstar in historic Britain.","Xbox One,PC",0.8260869565217391,0,0,0,0,0,1,0,1,0,0
1300538293,Forza Horizon 5,"Your Ultimate Horizon Adventure awaits! Explore the vibrant and ever-evolving open world landscapes of Mexico with limitless, fun driving action in hundreds of the world’s greatest cars. ","Xbox Series X,PC,PlayStation 5",0.8115942028985508,0,0,0,0,0,1,0,1,0,0
1300036690,Forza Motorsport 3,"Whether it's an exotic sports car like the new Audi R8 V10, a classic American muscle car such as the Ford GT, or a hot Asian import such as the Nissan 370Z, everyone has a dream car. The game makes it possible for everyone to experience the thrill of owning the world's most exotic and exquisite cars. Live the most realistic racing experience ever as you take the wheel of more than 400 of the most-beloved cars on over 100 renowned real-world tracks and exotic road courses from around the globe. With breathtaking HD graphics and the most advanced vehicle performance modeling in a video game, Forza Motorsport 3 includes a host of driving assists and adjustable skill levels to make the game a gripping pick-up-and-play experience for audiences of all ages and skill levels. [Microsoft]",Xbox 360,0.8115942028985508,0,0,0,0,0,1,0,1,0,0
1300079057,Forza Motorsport 4,Forza Motorsport 4 is the biggest entry in the series to date. Hundreds of the world’s most exciting cars spanning more than eighty manufacturers. The best driving circuits in the world. Bringing you closer to the cars of your dreams. Online features that redefine online community. Forza Motorsport 4 promises to be an entirely new car experience.,Xbox 360,0.8405797101449275,0,0,0,0,0,1,0,1,0,0
1300387428,Forza Motorsport 6,"More than 450 cars all carefully recreated and customizable, and complete with working cockpits and full damage. Tour twenty-six world-famous locales including Daytona, Le Mans, and more. 2-player split-screen racing, 24-player races, and realistic Drivatar opponents deliver packed tracks and action.",Xbox One,0.7536231884057971,0,0,0,0,0,1,0,1,0,0
1300024573,Gears of War,"Gears of War blends tactical action with survival horror and thrusts gamers into a deep and harrowing story of humankind's epic battle for survival against the Locust Horde, a nightmarish race of creatures that surface from the bowels of the planet. Lead war hero Marcus Fenix and his fire team as they face the onslaught of merciless warrior fiends. A revolutionary tactical combat system and breathtaking, high-definition visuals from the Unreal Engine 3 immerse you in a horrifying story of war and survival. A.I. teammates are indiscernable from human players. Voice recognition and real-time lip synching heighten the experience. The battlefield is a lethal place. To survive, suppress your enemy with blindfire, take cover in interactive environments, or use weapons and teammates to outwit your foes. [Microsoft]","Xbox 360,PC",0.8115942028985508,0,0,0,1,0,0,1,0,0,0
1300457866,God of War,"His vengeance against the gods of Olympus far behind him, Kratos now lives as a man in the lands of Norse Gods and monsters. It is in this harsh, unforgiving world that he must fight to survive… and teach his son to do the same. As mentor and protector to a son determined to earn his respect, Kratos is faced with an unexpected opportunity to master the rage that has long defined him. Questioning the dark lineage he’s passed on to his son, he hopes to make amends for the shortcomings of his past. Set within the untamed forests, mountains, and realms of Norse lore, God of War features a distinctly new setting with its own pantheon of creatures, monsters, and gods. [Playstation.com]","PlayStation 4,PC",0.927536231884058,1,1,0,0,0,0,0,0,0,0
1300523820,God of War: Ragnarok,"The freezing winds of Fimbulwinter have come to Midgard, making survival for Kratos, Atreus, and Mimir in the Norse wilds even more challenging than before.  Kratos, still bearing the knowledge of his past mistakes, wants to spare Atreus the bloody lessons he learned from his conflict with gods. He wants to keep his son safe, above all, and their confrontation with Baldur has vindicated the belief that only tragedy will come from further entanglements with the Aesir. Together, Kratos and Atreus will have to make a choice about which path they will take. Whatever they choose will define the fate of all those living in the Nine Realms as Ragnarok approaches. Whatever your choice of combat strategy, the enemies that await in God of War Ragnarök will be ready. The realms have grown harsher, and a whole host of new creatures from across Norse mythology will test your skills. God of War Ragnarök will take you to the previously unreachable Vanaheim, Svartalfheim, and Asgard - as well as to new areas from locations featured in the last game. Exploring the realms will take you everywhere from verdant, otherworldly jungles to intricate subterranean mining networks. This next installment in the series will bring you a more diverse, beautiful, and mysterious variety of locations than in any other God of War game.","PlayStation 5,PC",0.8260869565217391,1,1,0,0,0,0,0,0,0,0
1300001074,Gran Turismo 3: A-Spec,"With the addition of two new courses (a downtown Tokyo circuit and the Monte Carlo Grand Prix course), an impressive range of cars (from Vipers to Cooper Minis), and a soundtrack featuring everything from Lenny Kravitz to Jimi Hendrix, this highly anticipated title is finally ready to be driven.",PlayStation 2,0.8260869565217391,0,0,0,0,0,1,0,1,0,0
1300004504,Gran Turismo 4,"Gran Turismo 4 features a truly authentic racing experience spanning 100 years of automotive history. Packed with more cars, courses, race modes and online gameplay via the Network Adaptor, Gran Turismo 4 delivers enhanced, if not perfected game physics and graphics. New physics engine adding a higher level of realism in cars, which allows for cars to be handled easier. More than 5,000 polygons per vehicle capture exceptional detail, right down to the disc brakes behind the wheel. Up to 100 courses including Nurburgring, New York City, the Grand Canyon, Tsukuba Circuit, Fuji Speedway, Citta di Aria, Hong Kong, Costa di Amalfi and others. Includes courses that can be played in reverse mode. More than 500 vehicles encompassing manufacturers from around the world with a range from vintage to modern models seen today. All vehicles are fully customizable from racing tires to gear ratio. Race opponents posses advanced artificial intelligence, which allows for behavior that captures human-like emotion. Compatible with the Logitech Driving ForceTM Pro Wheel. GT Career 'Simulation' Mode ? Via the GT Universe, players start from the bottom and race to earn money, unlock cars and courses, buy and sell cars and upgrade parts while competing in more than 200 various championship races. GT Online Mode ? Features head-to-head racing for up to six players per race. Chat functionality and in-depth menu screens for the ability to build communities to interact about automotive topics. GT Arcade Mode - Players compete against each other or the artificial intelligence with select cars on select courses. More cars and course are available in the GT Arcade Mode when they are unlocked in the GT Career Simulation Mode. GT Photo Mode ? Players can travel around the globe with their car(s) and conduct photo sessions in various popular locations that include Piazza San Marco, Shibuya, Tsumago, Sagano and more. Once the photo is taken in the game, the player can save it to their memory card and have the option to share with friends or print out a color copy via a USB Printer. [Sony]",PlayStation 2,0.9565217391304348,0,0,0,0,0,1,0,1,0,0
1300518492,Gran Turismo 7,"From classic vehicles and tracks to the reintroduction of the legendary GT Simulation Mode – GT 7 brings together the best features from past installments of the series alongside the future. An even more realistic driving experience awaits thanks to haptic feedback, which brings to life what it’s like when the tires hit the road. PS5’s immersive 3D audio allows players to sense the position of other cars and drivers around them.","PlayStation 5,PlayStation 4",0.0,0,0,0,0,0,1,0,1,0,0
1300027043,Grand Theft Auto IV,"[Metacritic's 2008 PS3 Game of the Year; Also known as ""GTA IV""]  What does the American Dream mean today? For Niko Belic, fresh off the boat from Europe. It's the hope he can escape his past. For his cousin, Roman, it is the vision that together they can find fortune in Liberty City, gateway to the land of opportunity. As they slip into debt and are dragged into a criminal underworld by a series of shysters, thieves and sociopaths, they discover that the reality is very different from the dream in a city that worships money and status, and is heaven for those who have them an a living nightmare for those who don't. [Rockstar Games]","PlayStation 3,Xbox 360,PC",0.8260869565217391,1,1,0,0,0,0,0,0,0,0
1300024755,Guitar Hero,"Strap on your Guitar Hero SG controller, plug-in, and CRANK IT UP. Guitar Hero creates all the sensations of being a rock star, as you rock out to 30 of the greatest rock anthems of all time and more. Soundtrack includes songs as made famous by such legendary artists as the Red Hot Chili Peppers, David Bowie, Boston, Sum 41, Ozzy Osbourne, Audioslave, White Zombie, Franz Ferdinand, and The Ramones. So kiss that air guitar goodbye and get ready to rock. Features over 30 of the greatest rock songs of all-time. 4 difficulty levels (Easy, Medium, Hard, and Expert). 6 venues that range from basement parties to sold out stadiums. 8 different characters that each offer their own look and unique style of playing, from metal head to classic rocker. Two-player mode that offers tons of multiplayer fun. [Red Octane]",PlayStation 2,0.782608695652174,0,0,0,1,0,0,0,0,1,0
1300026774,Guitar Hero II,"Rock the Rhythm, Lead, and Bass Guitar tracks in the follow-up sequel to ""Guitar Hero."" Form your guitar duo and shred riffs cooperatively or go head to head in all new multiplayer modes. With over 55 tracks to rock out to, you'll go from Guitar Hero to Guitar god in one press of a fret button. Choose from multiple rock characters and jam at concert venues that grow in size as your rock career progresses. You'll start your rock career playing small clubs and bars, but if you play well you'll work your way up to stadiums and arenas. Guitar Hero II takes the guitar rock experience to new volumes by allowing players to play 3 different guitar tracks: Rhythm, Bass, and Lead. Guitar Hero II introduces all new multiplayer modes like: cooperative, pro-face off, and face off, letting 2 Guitar Heroes conduct their own symphonies of destruction. Shred School: Guitar Hero II features an all new practice mode, allowing Guitar Zeroes to become Guitar Heroes with enough practice. [RedOctane]","PlayStation 2,Xbox 360",0.8115942028985508,0,0,0,0,0,0,0,0,1,0
1300014896,Half-Life 2,"[Metacritic's 2004 PC Game of the Year]  By taking the suspense, challenge and visceral charge of the original, and adding startling new realism and responsiveness, Half-Life 2 opens the door to a world where the player's presence affects everything around him, from the physical environment to the behaviors -- even the emotions -- of both friends and enemies. The player again picks up the crowbar of research scientist Gordon Freeman, who finds himself on an alien-infested Earth being picked to the bone, its resources depleted, its populace dwindling. Freeman is thrust into the unenviable role of rescuing the world from the wrong he unleashed back at Black Mesa. And a lot of people -- people he cares about -- are counting on him. [Vivendi Universal]","Xbox,PC",0.9420289855072463,0,0,0,0,0,0,1,0,0,0
1300004893,Halo 2,"The saga continues with Halo 2 the international award-winning sequel to the highly successful and critically acclaimed Halo: Combat Evolved. In this sequel, the battle comes to Earth, and Master Chief, a genetically enhanced super soldier, is the only thing standing between the relentless alien Covenant and the destruction of all humankind. Exciting Single-Player Gameplay: Experience first hand the epic struggle between Master Chief and the Covenant armada. Brandish dual-wield weapons Covenant arms and pilot human and non-human vehicles and aircraft to battle intelligent AI alien enemies. Halo 2 for Windows Vista taps into the power of Live Anywhere, a service similar to Xbox Live, to deliver online matchmaking for PC gamers. The service enables Windows Vista gamers all over the globe to connect via their PCs and play on an innovative and competitive online forum. New Multiplayer Map Editor: The game also features the all-new new Map Editor, guaranteeing additional new, fan-generated content in the future. The Halo 2 community can now tap their endless creative potential to develop an unlimited number of user-created multiplayer levels. Complete Community Freedom: Halo 2 for Windows Vista offers gamers the freedom to host their own dedicated servers for maximum multiplayer action. [Microsoft]","Xbox,PC",0.8840579710144928,0,0,0,0,0,0,1,0,0,0
1300027102,Heavy Rain,"How Far Will You Go To Save Someone You Love? Experience a gripping psychological thriller filled with innumerable twists and turns, where choices and actions can result in dramatic consequences. Spanning four days of mystery and suspense, the hunt is on for a murderer known only as the Origami Killer - named after his macabre calling card of leaving behind folded paper shapes at crime scenes. Four characters, each following their own leads and with their own motives, must take part in a desperate attempt to prevent the killer from claiming a new victim. [Sony]","PlayStation 3,PlayStation 4,PC",0.8405797101449275,0,1,0,0,0,0,0,0,0,0
1300497468,Hollow Knight: Silksong,"Discover a vast, haunted kingdom in Hollow Knight: Silksong, the sequel to the award-winning action-adventure.

Play as Hornet, princess-protector of Hallownest, and adventure through a whole new kingdom ruled by silk and song! Captured and brought to this unfamiliar world, Hornet must battle foes and solve mysteries as she ascends on a deadly pilgrimage to the kingdom's peak.

Hollow Knight: Silksong is the epic sequel to Hollow Knight, the award winning action-adventure. As the lethal hunter Hornet, journey to all-new lands, discover new powers, battle vast hordes of bugs and beasts and uncover ancient secrets tied to your nature and your past.","Nintendo Switch,PC,PlayStation 5,Xbox Series X,Nintendo Switch 2",0.9130434782608695,0,1,1,0,0,0,0,0,0,0
1300286971,INSIDE,"Hunted and alone, a boy finds himself drawn into the center of a dark project. The second game from Limbo developer Playdead.","Xbox One,PC,PlayStation 4,Nintendo Switch",0.8260869565217391,0,0,1,0,0,0,0,0,0,0
1300521776,Inscryption,"Inscryption is an inky black card-based odyssey that blends the deckbuilding roguelike, escape-room style puzzles, and psychological horror into a blood-laced smoothie. Darker still are the secrets inscrybed upon the cards... ","PC,PlayStation 5,Nintendo Switch",0.855072463768116,0,0,0,1,1,0,0,0,0,1
1300044080,Left 4 Dead 2,"Set in the zombie apocalypse, Left 4 Dead 2 (L4D2) is the highly anticipated sequel to the award-winning Left 4 Dead. This co-operative action horror FPS takes you and your friends through the cities, swamps and cemeteries of the Deep South, from Savannah to New Orleans across five expansive campaigns. Play as one of four new survivors armed with a wide and devastating array of classic and upgraded weapons. In addition to firearms, you'll also get a chance to take out some aggression on infected with a variety of carnage-creating melee weapons, from chainsaws to axes and even the deadly frying pan. You'll be putting these weapons to the test against (or playing as in Versus) three horrific and formidable new Special Infected. You’ll also encounter five new ""uncommon"" common infected, including the terrifying Mudmen. Helping to take L4D's frantic, action-packed gameplay to the next level is AI Director 2.0. This improved Director has the ability to procedurally change the weather you’ll fight through and the pathways you'll take, in addition to tailoring the enemy population, effects, and sounds to match your performance. L4D2 promises a satisfying and uniquely challenging experience every time the game is played, custom-fitted to your style of play. [Valve]","PC,Xbox 360",0.8115942028985508,0,0,0,1,0,0,1,0,0,1
1300030468,LittleBigPlanet,"In LittleBigPlanet Players meet on a blue and green planet scattered with individual plots – and use their character's amazing abilities to play, create and share what they build with other gamers throughout the world via the Playstation Network. The LittleBigPlanet experience starts with players learning about their character’s powers to interact physically with the environment. There are places to explore, creative resources to collect and puzzles to solve – all requiring a combination of brains and collaborative teamwork. As soon as players begin their creative skills will grow and they will soon be ready to start creating and modifying their surroundings – the first step to sharing them with the whole community.Characters have the power to move anything in this glued and stitched-together 3D landscape; they have the power to design, shape and build both objects and entire locations for others to view and play. There’s no complicated level editor; all of these skills can be learned by simply playing the game. Creativity is part of the gameplay experience and playing is part of the creative experience. Players can make their world as open or as secretive to explore as they like. When it’s ready, they can invite anyone within the LittleBigPlanet community to come and explore their patch – or can go and explore everybody else's. [SCEA]","PlayStation 3,PSP",0.8115942028985508,0,0,1,0,0,0,0,0,0,0
1300169305,Mario Kart 8,"Mario Kart 8 introduces new racing circuit designs and antigravity karts that will have players driving upside down. Players will also enjoy a variety of series-favorite features, including the return of 12-player online competitive play, hang-gliders, underwater racing and motorbikes.",Wii U,0.9130434782608695,0,0,0,0,0,1,0,0,0,0
1300461502,Mario Kart 8 Deluxe,"Race and battle your friends in the definitive version of Mario Kart 8. Hit the road with the definitive version of Mario Kart 8 and play anytime, anywhere! Race your friends or battle them in a revised battle mode on new and returning battle courses. Play locally in up to 4-player multiplayer in 1080p while playing in TV Mode. Every track from the Wii U version, including DLC, makes a glorious return. Plus, the Inklings appear as all-new guest characters, along with returning favorites, such as King Boo, Dry Bones, and Bowser Jr. Race your friends in the definitive version of Mario Kart 8, only on Nintendo Switch. Race as every character on every track from the Wii U version, including DLC characters and tracks. Pop some balloons in the revamped Battle mode, complete with Balloon Battle and Bob-omb Blast. Battle on new courses, like Urchin Underpass and Battle Stadium, or returning ones, such as GCN Luigi's Mansion and SNES Battle Course 1. Inkling Girl & Inkling Boy from Splatoon, King Boo, Dry Bones, and Bowser Jr. join the roster. Players can choose a new Smart Steering feature which makes driving and staying on the track easy for novice players and kids even at 200cc. Three new vehicles have been added, two are even inspired by Splatoon. Carry two items at the same time. Returning items include Boo, the item stealing ghost, and the Feather, which gives you a high jump in battle mode. Play your friends in local wireless multiplayer with up to 8 players. Drive through in 1080p HD quality in TV mode. Play on the go with handheld mode and play anytime, anywhere.",Nintendo Switch,0.8695652173913043,0,0,0,0,0,1,0,0,0,0
1300021007,Mario Kart DS,"Race and battle with up to eight karts at once, regardless of whether or not everyone has a Game Card. The all–star cast includes Mario, Luigi, Peach, Yoshi, Donkey Kong, Wario, Bowser, and Toad. With courses drawn from every Mario Kart game - Super Mario Kart, Mario Kart 64, Mario Kart: Super Circuit, Mario Kart: Double Dash - players may tour many of their favorites as well as all-new tracks and battle arenas. The game has a new dimension of fun, since players can battle others around the world by connecting to Nintendo's new wireless gaming service, Nintendo Wi-Fi Connection, via Wi-Fi. With over 30 courses and all the crazy items and frantic speed players would expect, this game is a Mario Kart fan's dream. [Nintendo]",DS,0.8695652173913043,0,0,0,0,0,1,0,0,0,0
1300666239,Mario Kart World,"A sprawling world of courses. Speed across plains, cities, water, volcanos, and much more. Everything is connected. Go beyond the course. There's more to racing than just the course. Hop off the course and race the distance to the next one. Grand Prix - Compete to earn the most points across four connected courses. Try to claim the top spot among 24 racers. The areas between courses are part of the race, too. Knockout Tour. Barrel through back-to-back courses, with no pit stops along the way. If you don't place high enough by the time you reach each of the five checkpoints... you're OUT. Drive hard to survive and aim for first place. Take off in any direction in this new mode. Explore areas that pique your interest, and maybe even snap some in-game pics at scenic spots. Up to 4* players can race on the same system. Play using your choice of button controls or motion controls. Attach a Joy-Con™ 2 controller to the optional Joy-Con 2 wheel accessory (sold separately) to wheely feel like you're driving. You can also play using Nintendo Switch Joy-Con controllers connected wirelessly. Fire up GameChat to enjoy the feeling of close company with friends—even when you're far apart. Talk using the system's built-in microphone or share your screen in real time. If you connect a compatible USB-C® camera, like the Nintendo Switch 2 camera (sold separately), you can go face-to-face over video chat. Whether you're competing in a race or simply exploring the open road, it's like you're zooming around together. [Nintendo] ",Nintendo Switch 2,0.6231884057971014,0,0,0,0,0,1,0,0,0,0
1300542939,Marvel's Spider-Man 2,"Spider-Men, Peter Parker and Miles Morales, return for an exciting new adventure in Marvel’s Spider-Man franchise for PS5. Swing, jump and utilize the new Web Wings to travel across Marvel’s New York, quickly switching between Peter Parker and Miles Morales to experience different stories and epic new powers, as the iconic villain Venom threatens to destroy their lives, their city and the ones they love. The incredible power of the symbiote forces Peter and Miles to face the ultimate test of strength, both inside and outside the mask, as they balance their lives, friendships and their duty to protect those in need. Quickly swap between both Spider-Men as you explore an expanded Marvel’s New York. Fight against a variety of new and iconic villains, including an original take on the monstrous Venom, the ruthless Kraven the Hunter, the volatile Lizard and many more. Explore a larger Marvel’s New York than ever before, featuring two new boroughs – Brooklyn and Queens – as well as locations like Coney Island and more.","PlayStation 5,PC",0.8695652173913043,1,1,0,0,0,0,0,0,0,0
1300034514,Mass Effect 2,"The Mass Effect trilogy is a science fiction adventure set in a vast universe filled with dangerous alien life forms and mysterious uncharted planets. In this dark second chapter, Saren’s evil army of Geth soldiers has just been defeated, and humans, who are still struggling to make their mark on the galactic stage, are now faced with an even greater peril. [BioWare]","PC,Xbox 360,PlayStation 3",0.9130434782608695,0,0,0,0,1,0,0,0,0,0
1300538369,Metroid Dread,"Join intergalactic bounty hunter Samus Aran in her first new 2D Metroid™ story in 19 years. Samus’ story continues after the events of the Metroid™ Fusion game when she descends upon planet ZDR to investigate a mysterious transmission sent to the Galactic Federation. The remote planet has become overrun by vicious alien lifeforms and chilling mechanical menaces. Samus is more agile and capable than ever, but can she overcome the inhuman threat stalking the depths of ZDR?

Face off against unrelenting E.M.M.I. robots

Once DNA-extracting research machines, the imposing E.M.M.I. are now hunting Samus down. Tensions are high as you evade these E.M.M.I. to avoid a cruel death while finding a way to take them down. Find out what turned these robotic wonders into the scourge of ZDR and escape with your life.

Feel Samus’ power grow as you gain maneuvers and abilities

Acquire new and familiar abilities as you traverse the many environments of this dangerous world. Parkour over obstacles, slide through tight spaces, counter enemies, and battle your way through the planet. Return to areas and use your new abilities to find upgrades, alternate paths, and a way forward. Explore the sprawling map, evade and destroy E.M.M.I. robots, and overcome the dread plaguing ZDR.
",Nintendo Switch,0.8985507246376812,0,1,1,0,0,0,0,0,0,0
1300588444,Metroid Prime Remastered,"Intergalactic bounty hunter Samus Aran receives a distress signal from a wrecked frigate in orbit around planet Tallon IV. Upon investigation, the frigate reveals itself to be a Space Pirate research vessel home to terrifying genetic experiments using the mysterious Phazon substance. There, Samus encounters her nemesis, Meta Ridley, whom she pursues to the surface of Tallon IV. It's up to her alone to explore the planet's interconnected regions, investigate its dark secrets, and end the intergalactic threat posed by Phazon.

Experience this critically acclaimed first-person adventure like never before with remastered visuals, audio, controls, and more.",Nintendo Switch,0.8985507246376812,0,0,0,0,0,0,1,0,0,0
1300286970,Ori and the Blind Forest,"Ori and the Blind Forest is a bit of a genremix – It’s a ‘Metroidvania‘, but with a stronger platforming focus and light RPG elements, all set within an atmospheric world.","Xbox One,PC",0.8695652173913043,0,1,1,0,0,0,0,0,0,0
1300468536,Ori and the Will of the Wisps,"The little spirit Ori is no stranger to peril, but when a fateful flight puts the owlet Ku in harm’s way, it will take more than bravery to bring a family back together, heal a broken land, and discover Ori’s true destiny. From the creators of the acclaimed action-platformer Ori and the Blind Forest comes the highly anticipated sequel. Embark on an all-new adventure in a vast world filled with new friends and foes that come to life in stunning, hand-painted artwork. Set to a fully orchestrated original score, Ori and the Will of the Wisps continues the Moon Studios tradition of tightly crafted platforming action and deeply emotional storytelling.","Xbox One,PC,Xbox Series X,Nintendo Switch",0.9130434782608695,0,1,1,0,0,0,0,0,0,0
1300357609,Overwatch,"Overwatch is a highly stylized team-based shooter set on earth in the near future. Every match is an intense multiplayer showdown pitting a diverse cast of soldiers, mercenaries, scientists, adventurers, and oddities against each other in an epic, globe-spanning conflict.","PC,PlayStation 4,Xbox One,Nintendo Switch",0.5797101449275363,0,0,0,0,0,0,1,0,0,1
1300116875,Persona 5,Persona 5 is the fifth entry in the Persona series.,PlayStation 4,0.9130434782608695,0,0,0,0,1,0,0,0,0,0
1300498869,Persona 5 Royal,"Prepare for an all-new RPG experience in Persona 5 Royal based in the universe of the award-winning series, Persona! Don the mask of Joker and join the Phantom Thieves of Hearts. Break free from the chains of modern society and stage grand heists to infiltrate the minds of the corrupt and make them change their ways! Persona 5 Royal is packed with new characters, confidants, story depth, new locations to explore, and a new grappling hook mechanic for stealthy access to new areas. With a new semester at Shujin Academy, get ready to strengthen your abilities in the metaverse and in your daily life. Persona 5 Royal presents a unique visual style and award nominated composer Shoji Meguro returns with an all-new soundtrack. Explore Tokyo, unlock new Personas, customize your own personal Thieves Den, discover a never-before-seen story arc, cutscenes, alternate endings, and more! Even for the most seasoned Phantom Thieves among us, Persona 5 Royal is a new challenge to defy conventions, discover the power within, and fight for justice. Wear the mask. Reveal your truth.","PlayStation 4,Xbox Series X,PC,PlayStation 5,Nintendo Switch",0.8840579710144928,0,0,0,0,1,0,0,0,0,0
1300451585,Pikmin 4,"Chart a mysterious planet with curious plantlike Pikmin that come in different types in Pikmin 4 - like the brand-new Ice Pikmin! The capable canine, Oatchi, will also help to overcome big challenges.",Nintendo Switch,0.927536231884058,0,0,0,0,0,0,0,0,0,1
1300597176,Prince of Persia: The Lost Crown,"Dash into a stylish and thrilling action-adventure platformer game set in a mythological Persian world where the boundaries of time and space are yours to manipulate. Use your Time Powers, combat and platforming skills to perform deadly combos and defeat time-corrupted enemies and mythological creatures. Acquire and equip new Amulets at shopkeepers to play as you see fit. Discover a cursed Persian-inspired world filled with bigger-than-life landmarks. Explore a variety of highly detailed biomes, each with its own identity, wonders and dangers. Use your wits to solve puzzles, find hidden treasures and complete quests to learn more about this corupted place. Immerse yourself into a Persian mythological fantasy through an intriguing and original story. Cross paths with colorful characters to better unravel the mysteries of Mount Qaf. Enjoy high quality graphics, immersive cinematics and fresh Artistic Direction, along with a unique gameplay fluidity thanks to 60 fps rate on all platforms. [Ubisoft]","PlayStation 5,Xbox Series X,PC,Nintendo Switch,iOS (iPhone/iPad)",0.8405797101449275,0,1,1,0,0,0,0,0,0,0
1300518493,Ratchet & Clank: Rift Apart,"Ratchet & Clank: Rift Apart is an intergalactic adventure from Insomniac Games that showcases what’s possible for games designed around PS5’s  SSD and DualSense wireless controller. Players seamlessly travel through different dimensions in mid-gameplay. The DualSense wireless controller brings combat to life, with haptic feedback and the adaptive triggers adding powerful sensations that increase immersion in combat.","PlayStation 5,PC",0.855072463768116,0,0,1,0,0,0,0,0,0,0
1300461445,Red Dead Redemption 2,"Developed by the creators of Grand Theft Auto V and Red Dead Redemption, Red Dead Redemption 2 is an epic tale of life in America’s unforgiving heartland. The game’s vast and atmospheric world also provides the foundation for a brand new online multiplayer experience. America, 1899. The end of the Wild West era has begun. After a robbery goes badly wrong in the western town of Blackwater, Arthur Morgan and the Van der Linde gang are forced to flee. With federal agents and the best bounty hunters in the nation massing on their heels, the gang has to rob, steal and fight their way across the rugged heartland of America in order to survive. As deepening internal fissures threaten to tear the gang apart, Arthur must make a choice between his own ideals and loyalty to the gang that raised him. [Rockstar]","PlayStation 4,Xbox One,PC",0.9130434782608695,1,1,0,0,0,0,0,0,0,0
1300571786,Resident Evil 4,"Resident Evil 4, 2005’s legendary survival horror, is brought fully up-to-date in this ground-up remake. Six years after the events of Resident Evil 2, Raccoon City survivor Leon Kennedy has been dispatched to a secluded European village to investigate the disappearance of the US president’s daughter. What he discovers there is unlike anything he has faced before. Every aspect of the classic game has been updated for the current generation, from modernized graphics and controls, to a reimagined storyline that may surprise even hardened fans of the original game.
","PlayStation 5,Xbox Series X,PC",0.9130434782608695,1,0,0,1,0,0,0,0,0,0
1300004020,Resident Evil 4 (2005),"In Resident Evil 4 players are reacquainted with Leon S. Kennedy, Raccoon City Police Department's idealistic rookie cop from ""Resident Evil 2."" It has been six years since the destruction of Raccoon City and in that time, the U.S. government has been able to destroy the nefarious Umbrella Corporation. Fast forward to 2004 and players rejoin Leon, who is now a U.S. agent with a top-secret mission. He has been tasked to look into the abduction of the President's daughter and his investigation has led him to a mysterious location in Europe. As Leon encounters unimaginable horrors, he must find out who or what is behind everything. [Capcom]","GameCube,PlayStation 2,PC,Wii",0.9420289855072463,1,0,0,1,0,0,0,0,0,0
1300030624,Rock Band,"Play together in your living room or across the world! Rock Band offers deep online functionality, allowing players to rock together whether they’re in Rhode Island or Reykjavik. Major record labels and leading music publishers have signed on to provide unrivaled access to master recordings and legendary rock artists – from punk, metal and alternative to classic and southern rock. Rock Band ships with 45 fearsome tracks from artists like Bon Jovi and The Ramones to Black Sabbath and Stone Temple Pilots. Full support for downloadable content delivers never-ending challenges. New content will be available every week. Download full albums for play with Rock Band including the iconic rock album 'Who's Next' by The Who. Metallica has signed on to offer several tracks as digitally-distributed game levels for Rock Band as well as ""Enter Sandman"" for the Rock Band ship disc. Create your own rock avatar! Mold a unique rocker using Rock Band's character creator. Chose from gender, body shape, face, hair, clothes, tattoos and signature moves. Don't forget to pick your specialized rockin’ instrument. Drumming in the spotlight! Showcase a real drum solo with Rock Band's freestyle drum fill windows featured in each song. Break out your own rhythm and style as anything goes! Vocalists can bring the crowd to their feet during Rock Band’s freestyle vocal fill windows. Ad-lib your own words or shout to the crowd to raise the rock intensity of the performance. Band mates can fail out of a song for poor performance, but the band still plays on. Rescue your failing mate by busting out signature moves and blistering solos to wow the crowd with showmanship. Earn bonus points for your band during Rock Band’s Unison Phrase opportunities if everyone plays perfectly. [Harmonix]","Xbox 360,PlayStation 3,PlayStation 2,Wii",0.782608695652174,0,0,0,0,0,0,0,0,1,0
1300037826,Rock Band 2,"Rock Band 2 builds upon its foundation as the first music game to introduce co-operative band gameplay, multiple instruments, a robust online multiplayer experience, an unrivaled offering of downloadable content and raises the bar by delivering an entirely new level of depth, connectivity, authenticity and features including: Backwards compatibility with Rock Band downloadable music content. All previously purchased tracks immediately load into your Rock Band 2 song list. No need to re-purchase or re-download. The biggest and most diverse soundtrack ever featuring some of rock's most prolific acts, comprised entirely of master recordings. Major new and dynamic online modes that connect the entire Rock Band community in more ways than ever before both locally and globally. More variety of instrument choices than ever before with new and improved drum and guitar peripherals, enhanced functionality and innovative new designs - all fully compatible with the original Rock Band instruments. [MTV]","Xbox 360,PlayStation 3,Wii",0.8405797101449275,0,0,0,0,0,0,0,0,1,0
1300054185,Rock Band 3,Rock Band returns with another iteration of the popular music game featuring new songs and instruments.,"Xbox 360,PlayStation 3,Wii,DS",0.8260869565217391,0,0,0,0,0,0,0,0,1,0
1300398913,Rocket League,"Features improved physics, faster gameplay, and better visuals. An all-new Season Mode with unlockable items, multiple arenas, and more
The return of 2-, 3- and 4-player split-screen.","PlayStation 4,PC,Xbox One,Nintendo Switch",0.782608695652174,0,0,0,0,0,0,0,0,1,0
1300018315,SSX 3,"Embark on the ultimate adventure and conquer the mountain with SSX 3. Life begins at the summit where a wide-open mountain awaits you -- board it, explore it, and beat it. Featuring all-new freestyle events and race courses, jaw-dropping tricks, and a cast of cool, customizable characters, SSX 3 is yours to conquer. Redefine the boundaries what you do and what you earn, and go anywhere gravity takes you with SSX 3!  [Electronic Arts]","Game Boy Advance,PlayStation 2,Xbox,GameCube",0.855072463768116,0,0,0,0,0,0,0,0,1,0
1300464021,Shin Megami Tensei V,"The ambitions of god and human clash amidst the horror of a dying world. Neither human nor demon, the newly-forged Nahobino and his friends must decide what is worth saving... and prepare to sacrifice everything in its name. In a world without its Creator, which path will you choose? ",Nintendo Switch,0.8405797101449275,0,0,0,1,1,0,0,0,0,0
1300030430,Sid Meier's Civilization V,"With over nine million units sold worldwide, and unprecedented critical acclaim from fans and press around the world, Sid Meier's Civilization is recognized as one of the greatest strategy franchises of all-time. Now, Firaxis Games will take this incredibly fun and addictive strategy game to unprecedented heights by adding new ways to play and win; new tools to manage and expand your civilization; extensive modding capabilities; and intensely competitive multiplayer options. Civilization V will come to life in a beautifully detailed, living world that will elevate the gameplay experience to a whole new level making it a must-have for gamers around the globe! ",PC,0.7971014492753623,0,0,0,0,0,0,0,0,0,1
1300003692,Star Wars: Knights of the Old Republic,"Engage in this saga set in the Golden Age of the Republic - over 4,000 years before the first Star Wars film, when both Jedi and Sith number in the thousands. With the Galaxy reeling from a recent conflict with the Dark Lords, the ongoing battle between the Jedi and the Sith rages on. Your actions determine the outcome of this colossal galactic war - and your destiny as a Jedi. [LucasArts]","PC,Xbox,iOS (iPhone/iPad),Nintendo Switch",0.9130434782608695,0,0,0,0,1,0,0,0,0,0
1300031071,Starcraft II: Wings of Liberty,"StarCraft II continues the epic saga of the Protoss, Terran, and Zerg. These three distinct and powerful races clash once again in the fast-paced real-time strategy sequel to the legendary original, StarCraft. Legions of veteran, upgraded, and brand-new unit types do battle across the galaxy, as each faction struggles for survival. Featuring a unique single-player campaign that picks up where StarCraft: Brood War left off, StarCraft II presents a cast of new heroes and familiar faces in an edgy sci-fi story filled with adventure and intrigue. In addition, Blizzard again offers unparalleled online play through Battle.net, the company's world-renowned gaming service, with several enhancements and new features to make StarCraft II the ultimate competitive real-time strategy game. Features fast-paced, hard-hitting, tightly balanced competitive real-time strategy gameplay that recaptures and improves on the magic of the original game. New units and gameplay mechanics further distinguish each race. Vibrant new 3D-graphics engine with support for dazzling visual effects and massive unit and army sizes. Full map-making and scripting tools to give players incredible freedom in customizing and personalizing their gameplay experience. [Blizzard]",PC,0.8260869565217391,0,0,0,0,0,0,0,0,0,1
1300185804,Super Mario 3D World,"Work together with  your friends or compete for the crown in the first multiplayer 3D Mario game for the Wii U console. In the Super Mario 3D World game, players can choose to play as Mario, Luigi, Princess Peach or Toad.",Wii U,0.8985507246376812,0,0,1,0,0,0,0,0,0,0
1300522978,Super Mario 3D World + Bowser's Fury,"The cat's out of the bag, Super Mario 3D World is on to the Nintendo Switch system. Pounce and climb through dozens of colorful stages! Mario (and his friends) can use power-ups like the Super Bell, which grants catlike abilities, like climbing and scratching. Work together locally or online with up to three other players to reach the goaland to see who can get a high score. The Super Mario 3D World + Bowser's Fury game features the same great co-op gameplay, creative levels and power-ups as the original game, but also so much more.",Nintendo Switch,0.8695652173913043,0,0,1,0,0,0,0,0,0,0
1300598256,Super Mario Bros. Wonder,"Find wonder in the next evolution of Mario fun. Classic Mario side-scrolling gameplay is turned on its head with the addition of Wonder Flowers. These game-changing items trigger spectacular moments you have to see to believe...Witness pipes coming alive, wreak havoc as a giant spiky ball, and see even more unexpected events called Wonder Effects. Pick from heroic Super Mario™ characters and Power-Ups. Choose from familiar characters including Mario, Luigi, Peach, Daisy, Yoshi and Toad. Transform into Elephant Mario to use your trunk to trounce enemies with a surprising new Power-Up! Share the wonder with friends and Mario fans. Team up with up to three friends locally* and gather around one Nintendo Switch™ system to experience the game-bending Wonder Effects together as you tackle courses as a team and help each other on your way to the goal.",Nintendo Switch,0.9130434782608695,0,0,1,0,0,0,0,0,0,0
1300019237,Super Mario Galaxy,"[Metacritic's 2007 Wii Game of the Year] The ultimate Nintendo hero is taking the ultimate step ... out into space. Join Mario as he ushers in a new era of video games, defying gravity across all the planets in the galaxy. When some creature escapes into space with Princess Peach, Mario gives chase, exploring bizarre planets all across the galaxy. Mario, Peach and enemies new and old are here. Players run, jump and battle enemies as they explore all the planets in the galaxy. Since this game makes full use of all the features of the Wii Remote, players have to do all kinds of things to succeed: pressing buttons, swinging the Wii Remote and the Nunchuk, and even pointing at and dragging things with the pointer. Since he's in space, Mario can perform mind-bending jumps unlike anything he's done before. He'll also have a wealth of new moves that are all based around tilting, pointing and shaking the Wii Remote. Shake, tilt and point! Mario takes advantage of all the unique aspects of the Wii Remote and Nunchuk controller, unleashing new moves as players shake the controller and even point at and drag items with the pointer. [Nintendo]",Wii,0.9420289855072463,0,0,1,0,0,0,0,0,0,0
1300044129,Super Mario Galaxy 2,"Super Mario Galaxy 2, the sequel to the galaxy-hopping original game, includes the gravity-defying, physics-based exploration from the first game, but is loaded with entirely new galaxies and features to challenge players. On some stages, Mario can pair up with his dinosaur buddy Yoshi and use his tongue to grab items and spit them back at enemies. Players can also have fun with new items such as a drill that lets our hero tunnel through solid rock. [Nintendo]",Wii,0.927536231884058,0,0,1,0,0,0,0,0,0,0
1300461501,Super Mario Odyssey,"New Evolution of Mario Sandbox-Style Gameplay. Mario embarks on a new journey through unknown worlds, running and jumping through huge 3D worlds in the first sandbox-style Mario game since Super Mario 64 and Super Mario Sunshine. Set sail between expansive worlds aboard an airship, and perform all-new actions, such as throwing Mario's cap.",Nintendo Switch,0.9130434782608695,0,0,1,0,0,0,0,0,0,0
1300040973,The Beatles: Rock Band,"The game represents the first time fans will be able to experience The Beatles’ musical career for themselves. From the early touring days in 1963 Liverpool to the immortal, final performance on the Apple Corps rooftop, fans can follow in the band’s footsteps as they traverse the globe during the height of Beatlemania. Adding to the experience is the introduction of three-part vocal harmonies to game play, allowing gamers to revel in the unparalleled vocal stylings of the Fab Four. Beatles fans will also be thrilled to hear previously unreleased authentic voice recordings from John, Paul, George and Ringo chatting between takes during studio sessions recorded at Abbey Road more than four decades ago. The game begins during the band's earliest days at The Cavern Club in Liverpool, England. Gamers then travel across the Atlantic to experience the band's unforgettable 1964 performance on The Ed Sullivan Show, the sold-out concert at New York’s Shea Stadium in 1965, and conclude at The Beatles’ memorable concert at Budokan in Tokyo, Japan in 1966. The Beatles' studio years come to life in legendary Studio 2 at Abbey Road Studios. Highlighting the studio years are inspired artistic visual expressions known as Dreamscapes, intended to transport players to imaginative environments that capture the essence of The Beatles’ genre-busting musical and fashion transformations during their later years. The game follows The Beatles to 1969 where story mode culminates with their final performance on the rooftop of the Apple Corps Headquarters. The Beatles: Rock Band offers a new set of hardware representing the instruments made famous by John, Paul, George and Ringo. Featured in the set are the Rickenbacker 325 and Gretsch Duo Jet guitars - hailed as two of the celebrated, signature instruments played by John Lennon and George Harrison throughout their careers. Also included is a Höfner bass controller - a large-scale version of the bass famously used by Sir Paul McCartney. Rounding out the set is a Ringo Starr inspired, Ludwig-branded Rock Band 2 drum set with a classic pearl finish and vintage remake of a Beatles kick drum head. [MTV Games]","PlayStation 3,Xbox 360,Wii",0.7971014492753623,0,0,0,0,0,0,0,0,1,0
1300022419,The Elder Scrolls IV: Oblivion,"Oblivion is a single-player game that takes place in Tamriel's capital province, Cyrodiil. You are given the task of finding the hidden heir to a throne that sits empty, the previous emperor having been killed by an unknown assassin. With no true Emperor, the gates to Oblivion (the equivalent of hell in the world of Tamriel) open, and demons begin to invade Cyrodiil and attack its people and towns. It's up to you to find the lost heir to the throne and unravel the sinister plot that threatens to destroy all of Tamriel. In keeping with the Elder Scrolls tradition, players have the option to experience the main quest at their own pace, and there are plenty of opportunities to explore the vast world and make your own way. Numerous factions can be joined, such as the thieves or mages guilds, and each contains its own complete storyline and the chance to rise to the head of the faction and reap further rewards. Oblivion features a groundbreaking new AI system, called Radiant AI, which gives non-player characters (NPCs) the ability to make their own choices based on the world around them. They decide where to eat or who to talk to and what they say. They sleep, go to church, and even steal items, all based on their individual characteristics. Full facial animations and lip-synching, combined with full speech for all dialog, allows NPCs to come to life like never before. [Bethesda]","PC,Xbox 360,PlayStation 3",0.855072463768116,0,0,0,0,1,0,0,0,0,0
1300093205,The Elder Scrolls V: Skyrim,"The next chapter in the Elder Scrolls saga arrives from the Bethesda Game Studios. Skyrim reimagines the open-world fantasy epic, bringing to life a complete virtual world open for you to explore any way you choose. Play any type of character you can imagine, and do whatever you want; the legendary freedom of choice, storytelling, and adventure of The Elder Scrolls is realized like never before. Skyrim's new game engine brings to life a complete virtual world with rolling clouds, rugged mountains, bustling cities, lush fields, and ancient dungeons. Choose from hundreds of weapons, spells, and abilities. The new character system allows you to play any way you want and define yourself through your actions. Battle ancient dragons like you've never seen. As Dragonborn, learn their secrets and harness their power for yourself.","Xbox 360,PlayStation 3,PC",0.8695652173913043,0,0,0,0,1,0,0,0,0,0
1300126883,The Last of Us,"Twenty years after a pandemic radically transformed known civilization, infected humans run amuck and survivors kill one another for sustenance and weapons - literally whatever they can get their hands on. Joel, a salty survivor, is hired to smuggle a fourteen-year-old girl, Ellie, out of a rough military quarantine, but what begins as a simple job quickly turns into a brutal journey across the country.",PlayStation 3,0.9565217391304348,1,1,0,0,0,0,0,0,0,0
1300462907,The Last of Us Part II,"Five years after their dangerous journey across the post-pandemic United States, Ellie and Joel have settled down in Jackson, Wyoming. Living amongst a thriving community of survivors has allowed them peace and stability, despite the constant threat of the infected and other, more desperate survivors. When a violent event disrupts that peace, Ellie embarks on a relentless journey to carry out justice and find closure. As she hunts those responsible one by one, she is confronted with the devastating physical and emotional repercussions of her actions. ",PlayStation 4,0.463768115942029,1,0,0,1,0,0,0,0,0,0
1300108776,The Legend of Zelda: Breath of the Wild,"Ignore everything you know about The Legend of Zelda games. Step into a world of discovery, exploration and adventure in The Legend of Zelda: Breath of the Wild. Travel across fields, through forests and to mountain peaks as you discover what has become of the ruined kingdom of Hyrule in this stunning open-air adventure. Explore the wilds of Hyrule any way you like - Climb up towers and mountain peaks in search of new destinations, then set your own path to get there and plunge into the wilderness. Along the way, you'll battle towering enemies, hunt wild beasts and gather ingredients for the food and elixirs you'll need to sustain you on your journey. More than 100 Shrines of Trials to discover and explore - Shrines dot the landscape, waiting to be discovered in any order you want. Search for them in various ways, and solve a variety of puzzles inside. Work your way through the traps and devices inside to earn special items and other rewards that will help you on your adventure. Be prepared and properly equipped - With an entire world waiting to be explored, you'll need a variety of outfits and gear to reach every corner. You may need to bundle up with warmer clothes or change into something better suited to the desert heat. Some clothing even has special effects that, for example, can make you faster and stealthier. [Nintendo]","Wii U,Nintendo Switch",0.9130434782608695,1,1,0,0,0,0,0,0,0,0
1300502074,The Legend of Zelda: Tears of the Kingdom,"An epic adventure across the land and skies of Hyrule awaits in The Legend of Zelda™: Tears of the Kingdom for Nintendo Switch™. The adventure is yours to create in a world fueled by your imagination. In this sequel to The Legend of Zelda: Breath of the Wild, you’ll decide your own path through the sprawling landscapes of Hyrule and the mysterious islands floating in the vast skies above. Can you harness the power of Link’s new abilities to fight back against the malevolent forces that threaten the kingdom?",Nintendo Switch,0.8985507246376812,1,1,0,0,0,0,0,0,0,0
1300516823,Tony Hawk's Pro Skater 1 + 2,"Drop back in with the most iconic skateboarding games ever made. Play Tony Hawk's Pro Skater & Tony Hawk's Pro Skater 2 in one epic collection, rebuilt from the ground up in incredible HD. All the pro skaters, levels and tricks are back and fully-remastered, plus more.
Skate in super crisp 120 FPS at 1080P or 60 FPS in native 4K. Watch the levels come to life using sharper dynamic shadows, reflections, and lens flare, plus enhanced skater textures. The PS5 enhancements don’t stop at audio and visual upgrades, either. Major features include:

    120 FPS @1080p
    Native 4k @60FPS
    SSD & Immediacy
    Haptic feedback via the DualSense wireless controller
    Spatialized Audio
    High Fidelity Atmospherics
    Activities and Game Help
    Cross-Gen Progression","PlayStation 4,Xbox One,PC,Nintendo Switch,PlayStation 5,Xbox Series X",0.855072463768116,0,0,0,0,0,0,0,0,1,0
1300003547,Tony Hawk's Pro Skater 3,Challenge up to four friends in online competitions over a LAN or the Internet.  Take them on in both Trick Attack and Graffiti modes. [Activision],"Xbox,PlayStation 2,GameCube,PlayStation,PC,Game Boy Advance",0.7246376811594203,0,0,0,0,0,0,0,0,1,0
1300108757,Trials Evolution,"The follow-up to Trials HD brings the bike-racing action back to the Xbox 360. Ride in real-time multiplayer with two to four players, either locally or through XBLA. Take part in single player career with 50 tracks, challenging unlocks, and tricky achievements. A massive, track editor lets you build the track of your choosing and share it with the world. Or simply download highly-rated tracks from around the globe using Track Central.",Xbox 360,0.782608695652174,0,0,0,0,0,1,0,1,0,0
1300041127,Uncharted 2: Among Thieves,"Fortune hunter Nathan Drake returns in Uncharted 2: Among Thieves, a third-person action-adventure/shooter created by award-winning developer Naughty Dog. Down on his luck, Drake is lured back into the treacherous world of thieves and mercenary treasure-seekers he had sought to leave behind. When a mysterious artifact propels Drake on an expedition to find the legendary Himalayan valley of Shambhala, he finds himself embroiled in a dangerous game of cat-and-mouse against a fugitive war criminal who’s after more than just the fabled riches of the lost city. Caught in a web of deception and plunged into an increasingly deadly pursuit that tests the limits of his endurance, Drake will be forced to risk everything - but has his luck finally run out? [SCEA]",PlayStation 3,0.9130434782608695,1,1,0,0,0,0,0,0,0,0
1300223143,Uncharted 4: A Thief's End,"Set 3 years after the events of Uncharted 3, Nathan Drake has apparently left the world of fortune hunting behind. However, it doesn’t take long for adventure to come calling when Drake’s brother, Sam, re-emerges asking for his help to save his own life and offering an adventure Drake cannot resist. On the hunt for Captain Henry Avery’s long-lost treasure, Sam and Drake embark on a journey to find Libertalia, the pirate utopia deep in the forests of Madagascar. Uncharted 4: A Thief’s End takes players around the globe, through jungle isles, urban cities and snow-capped peaks on the search for Avery’s fortune. [Naughty Dog]",PlayStation 4,0.8840579710144928,1,1,0,0,0,0,0,0,0,0
1300032946,World of Warcraft: Wrath of the Lich King,"Players last visited Northrend in ""Warcraft III: The Frozen Throne,"" when Arthas Menethil fused with the spirit of Ner’zhul to become the Lich King, one of the most powerful beings in the Warcraft universe. He now broods atop the Frozen Throne deep in Icecrown Citadel, clutching the rune blade Frostmourne and marshaling the undead armies of the Scourge. In Wrath of the Lich King, the forces of the Alliance and the Horde venture into battle against the Scourge amid Northrend’s howling winds and fields of jagged ice. Wrath of the Lich King adds a rich variety of content to an already massive game. New features in the game’s second expansion include: Death Knight Hero Class: Create a high-level Death Knight character -- the game’s first hero class -- once certain challenges have been met. Increased Level Cap: Advance to level 80 and gain potent new talents and abilities along the way. Northrend: Explore the harsh new continent of Northrend, packed with new zones, quests, dungeons, monsters, and items -- and do battle with the undead armies of the Lich King. ""Inscription"" Profession: Learn this exciting new profession and gain unique ways to permanently enhance spells and abilities in the game. Siege Weapons and Destructible Buildings: Take the battle to another level with new player-vs.-player game mechanics and new battlefields to wage war on. New Character Customization: Change how characters look and express themselves, with different hairstyles and dance animations. [Blizzard Entertainment]",PC,0.8115942028985508,0,0,0,1,1,0,0,0,0,0
1300435667,XCOM 2,"20 years have passed since world leaders unconditionally surrendered to alien forces and XCOM, the world's last line of defense, was left destroyed and scattered. Now the aliens hold dominion over the Earth, building shining cities that promise a brilliant future for humanity on the surface, while hiding a sinister intent below and eliminating all who don't fall in like with their new order. Online those who live a the edges of the world have a modicum of freedom. Here, a force gathers once again to stand up for humanity. Consistently on the run, the remnant XCOM forces need to find a way to regroup, expose the nefarious truth behind the occupation, and eliminate the alien threat for good.","PC,PlayStation 4,Xbox One",0.7101449275362319,0,0,0,0,0,0,0,0,0,1
