id,title,releaseDate,rating,genres,description,platforms,metascore,metascore_count,metascore_sentiment,userscore,userscore_count,userscore_sentiment,platform_metascores,developer,publisher,platform_list,genre_list
1300540639,Outer Wilds: Echoes of the Eye,2021-09-28,,"Open-World Action, Action RPG, Linear Action Adventure","A strange satellite photo that can’t be explained. A new museum exhibit that marks the trailhead for one last journey into the wilds. Should you pull at the thread and unravel the solar system’s deepest secret, or is some knowledge better left in the dark? Welcome to the Space Program! You're the newest recruit of Outer Wilds Ventures, a fledgling space program searching for answers in a strange, constantly evolving solar system. What lurks in the heart of the ominous Dark Bramble? Who built the alien ruins on the Moon? Can the endless time loop be stopped? Answers await you in the most dangerous reaches of space.",PC,82.0,8,Generally favorable,89,204,Generally favorable,82,"Mobius Digital, LLC",Annapurna Interactive,['PC'],"['Open-World Action', 'Action RPG', 'Linear Action Adventure']"
1300473095,Yakuza Kiwami 2,2018-08-28,M,"Open-World Action, FPS, Survival","Kazuma Kiryu thought his Tojo Clan days were behind him. He and his young ward, Haruka Sawamura, have built a peaceful life from the ashes of conflict. All it took was a single gunshot to shatter that peace. Yukio Terada, the fifth chairman of the Tojo Clan, has been assassinated. With war on the horizon, the legendary Dragon of Dojima is pulled back into the world he wanted to leave behind. ","PlayStation 4,PC,Xbox One,Nintendo Switch 2",85.0,69,Generally favorable,84,688,Generally favorable,"85,82,88,83",Ryu ga Gotoku Studios,Sega,"['PlayStation 4', 'PC', 'Xbox One', 'Nintendo Switch 2']","['Open-World Action', 'FPS', 'Survival']"
1300536274,Lost Judgment,2021-09-21,M,"Open-World Action, FPS, Survival","SEIZE THE TRUTH - December 2021, Tokyo district court. Akihiro Ehara stands accused of groping a woman on a crowded train. A bystander’s video footage of his attempt to flee the scene and subsequent apprehension is all over the news, and public outcry demands a maximum sentence. “Three days ago, a dead body was found in an abandoned building in Yokohama. Have you identified it yet?” he proclaims as confusion cuts through the court room. His defense lawyer, Saori Shirosaki, has no doubt that crucial details of the situation have been overlooked, as Ehara was not even tried for the murder. She contacts detective Takayuki Yagami to investigate this further.

How could Ehara have committed two crimes at once? Was the sexual battery just a cover up? Has Ehara gamed the entire justice system? As victims surface and Yagami digs farther into the truth, he is faced with a question: Defend the law, or enact justice?

From just a single stumble, one can become a monster…

BRINGING JUSTICE AT THE EDGE OF THE LAW

Put Yagami’s distinct martial arts forms to the test in order get to the bottom of the case. Harness the Crane, Tiger, and new Snake stance, a graceful style that can deflect and return an opponent’s strikes, using their energy against them.

EVERYONE’S GOT A STORY

Employ Yagami’s arsenal of detective tricks with new gadgets, stealthily tracking suspects, and crafty methods of infiltration. Leave no stone unturned in pursuit of the truth as you take on cases in both Tokyo and Yokohama.
","PlayStation 5,Xbox Series X,PlayStation 4,PC",82.0,80,Generally favorable,85,416,Generally favorable,"82,80,83,84",Ryu ga Gotoku Studios,Sega,"['PlayStation 5', 'Xbox Series X', 'PlayStation 4', 'PC']","['Open-World Action', 'FPS', 'Survival']"
1300069209,Darksiders II,2012-08-14,M,"Open-World Action, Linear Action Adventure, FPS","Awakened by the End of Days, Death, the most feared of the legendary Four Horsemen, embarks on a journey to redeem his brother's name. Become the terrifying force which everyone fears but nothing can escape. ","Xbox 360,PlayStation 3,PC,Wii U",83.0,63,Generally favorable,81,683,Generally favorable,"83,84,81,85",Vigil Games,"THQ,Spike Chunsoft","['Xbox 360', 'PlayStation 3', 'PC', 'Wii U']","['Open-World Action', 'Linear Action Adventure', 'FPS']"
1300491974,Reventure,2019-10-08,T,"Open-World Action, Linear Action Adventure, FPS",The one and only non-linear adventure with 100 different endings.,"PC,Nintendo Switch",83.0,7,Generally favorable,76,47,Generally favorable,"84,83",Pixelatto,Pixelatto,"['PC', 'Nintendo Switch']","['Open-World Action', 'Linear Action Adventure', 'FPS']"
1300501753,Watch Dogs: Legion,2020-10-29,M,"Open-World Action, Action RPG, Linear Action Adventure","In the near future, London is facing its downfall: the people are being oppressed by an all-seeing surveillance state, a corrupt private military corporation controls the streets, and a powerful crime syndicate is preying on the vulnerable. The fate of London lies with you, and your ability to recruit a resistance and fight back.

Watch Dogs: Legion delivers a never-before-seen gameplay innovation that allows you to recruit and play as anyone you see in the iconic city of London. Every single character in the open world is playable, and everyone has a backstory, personality, and skillset that will help you personalize your own unique team. Bring your characters online and join forces with friends to take back London in four-player co-op missions, end-game challenges, and daily events. Welcome to the Resistance.","PlayStation 4,Xbox One,PC,PlayStation 5,Xbox Series X",76.0,50,Generally favorable,59,959,Mixed or average,"70,76,72,66,74",Ubisoft,Ubisoft,"['PlayStation 4', 'Xbox One', 'PC', 'PlayStation 5', 'Xbox Series X']","['Open-World Action', 'Action RPG', 'Linear Action Adventure']"
1300516185,Assassin's Creed Valhalla,2020-11-10,M,"Open-World Action, Action RPG, FPS","Build your own Viking Legend. Become Eivor, a Viking raider raised to be a fearless warrior, and lead your clan from icy desolation in Norway to a new home amid the lush farmlands of ninth-century England. Find your settlement and conquer this hostile land by any means to earn a place in Valhalla. England in the age of the Vikings is a fractured nation of petty lords and warring kingdoms. Beneath the chaos lies a rich and untamed land waiting for a new conqueror. Will it be you? Write Your Viking Saga. Blaze your own path across England with advanced RPG mechanics. Fight brutal battles, lead fiery raids or use strategy and alliances with other leaders to bring victory. Every choice you make in combat and conversation is another step on the path to greatness. Lead Epic Raids. Lead a crew of raiders and launch lightning-fast surprise attacks against Saxon armies and fortresses. Claim the riches of your enemies' lands for your clan and expand your influence far beyond your growing settlement. ENGAGE IN VISCERAL COMBAT. Unleash the ruthless fighting style of a Viking warrior as you dual-wield axes, swords, or even shields against relentless foes. Decapitate opponents in close-quarters combat, riddle them with arrows, or assassinate them with your Hidden Blade. Grow Your Settlement. Your clan's new home grows with your legend. Customise your settlement by building upgradable structures. Unlock new features and quests by constructing a barracks, a blacksmith, a tattoo parlour, and much more. Share Your Custom Raider. Recruit mercenary Vikings designed by other players or create and customise your own to share online. Sit back and reap the rewards when they fight alongside your friends in their game worlds. A Dark Age Open World. Sail across the icy North Sea to discover and conquer the broken kingdoms of England. Immerse yourself in activities like hunting and drinking games or engage in traditional Norse competitions like flyting – or, as it's better known, verbally devastating rivals through the art of the Viking rap battle. [Ubisoft]","PlayStation 4,Xbox One,PlayStation 5,Xbox Series X,PC",80.0,50,Generally favorable,61,3850,Mixed or average,"80,82,84,84,82",Ubisoft Montreal,Ubisoft,"['PlayStation 4', 'Xbox One', 'PlayStation 5', 'Xbox Series X', 'PC']","['Open-World Action', 'Action RPG', 'FPS']"
1300597504,Dungeons of Hinterberg,2024-07-18,E10+,"Open-World Action, Action RPG, Linear Action Adventure","Dungeons of Hinterberg is an action-adventure RPG that includes monster fighting, puzzle solving, magic wielding, and relationship building, all set around the cozy Alpine village of Hinterberg!","Xbox Series X,PC",80.0,42,Generally favorable,77,108,Generally favorable,"81,80",Microbird Games,"Curve Games,Curve Digital","['Xbox Series X', 'PC']","['Open-World Action', 'Action RPG', 'Linear Action Adventure']"
1300656997,Red Dead Redemption Featuring Undead Nightmare,2024-10-29,M,"Open-World Action, FPS, Survival","America, 1911. The Wild West is dying. When federal agents threaten his family, former outlaw John Marston is forced to pick up his guns again and hunt down the gang of criminals he once called friends. Experience an epic fight for survival across the sprawling expanses of the American West and Mexico, as John Marston struggles to bury his blood-stained past, one man at a time.

Red Dead Redemption is a Western epic, set at the turn of the 20th century when the lawless and chaotic badlands began to give way to the expanding reach of government and the spread of the Industrial Age.",PC,83.0,24,Generally favorable,80,355,Generally favorable,83,"Rockstar Games,Double Eleven",Rockstar Games,['PC'],"['Open-World Action', 'FPS', 'Survival']"
1300391762,Grow Home,2015-02-04,,"Open-World Action, Action RPG, Linear Action Adventure","Feel the freedom of unbounded climbing as you take control of BUD, a procedurally animated robot on a quest to save his planet. Create your own path through an alien world as you control and ride a giant plant on a vertical journey to the stars. ","PC,PlayStation 4",75.0,46,Generally favorable,75,175,Generally favorable,"75,74",Ubisoft Reflections,Ubisoft,"['PC', 'PlayStation 4']","['Open-World Action', 'Action RPG', 'Linear Action Adventure']"
1300486974,Sable,2021-09-23,,"Open-World Action, Linear Action Adventure, FPS","Embark on a unique and unforgettable journey and guide Sable through her Gliding; a rite of passage that will take her across vast deserts and mesmerizing landscapes, capped by the remains of spaceships and ancient wonders.","Xbox Series X,PC,Xbox One,PlayStation 5",76.0,48,Generally favorable,61,199,Mixed or average,"71,76,74,75",Shed-Works,Raw Fury,"['Xbox Series X', 'PC', 'Xbox One', 'PlayStation 5']","['Open-World Action', 'Linear Action Adventure', 'FPS']"
1300032688,Bully: Scholarship Edition,2008-03-04,T,"Open-World Action, Linear Action Adventure, FPS","Both the Wii and Xbox 360 versions retain the wit and deep gameplay of the previously released PS2 title ""Bully"" and boasts additional new content. Bully: Scholarship Edition takes place in the fictional New England boarding school of Bullworth Academy and tells the story of 15-year-old Jimmy Hopkins as he experiences the highs and lows of adjusting to a new school. Capturing the hilarity and awkwardness of adolescence perfectly, Bully: Scholarship Edition pulls the player into its cinematic and engrossing world. [Rockstar Games]","Wii,Xbox 360,PC",80.0,56,Generally favorable,83,426,Generally favorable,"83,80,72","Rockstar Vancouver,Mad Doc Software","Rockstar Games,Bethesda Softworks","['Wii', 'Xbox 360', 'PC']","['Open-World Action', 'Linear Action Adventure', 'FPS']"
1300002574,Soul Reaver 2,2001-10-31,M,"Open-World Action, Action RPG, FPS","Raziel returns to various eras of Nosgoth's dark past in his relentless pursuit of Kain. Encounter new enemies as you unearth the mysteries of Nosgoth's ancient races, and expose the schemes behind the corruption of the Pillars, and the vampire genocide. [Eidos Interactive]","PC,PlayStation 2",80.0,22,Generally favorable,85,83,Generally favorable,"77,80",Crystal Dynamics,"Eidos Interactive,Hanbitsoft","['PC', 'PlayStation 2']","['Open-World Action', 'Action RPG', 'FPS']"
1300110450,L.A. Noire: The Complete Edition,2017-11-14,M,"Open-World Action, FPS, Action RPG","Amid the post-war boom of Hollywood's Golden Age, Cole Phelps, an LAPD detective is thrown headfirst into a city drowning in its own success. Corruption is rampant, the drug trade is exploding, and murder rates are at an all-time high. In his fight to climb the ranks and do what's right, Phelps must unravel the truth behind a string of arson attacks, racketeering conspiracies and brutal murders, battling the L.A. underworld and even members of his own department to uncover a secret that could shake the city to its rotten core. Using groundbreaking new animation technology that captures every nuance of an actor's facial performance in astonishing detail, L.A. Noire is a violent crime thriller that blends breathtaking action with true detective work to deliver an unprecedented interactive experience. Search for clues, chase down suspects and interrogate witnesses as you struggle to find the truth in a city where everyone has something to hide.","PlayStation 4,Xbox One,Nintendo Switch,PC",79.0,47,Generally favorable,81,254,Generally favorable,"76,77,79,83",Virtuos,Rockstar Games,"['PlayStation 4', 'Xbox One', 'Nintendo Switch', 'PC']","['Open-World Action', 'FPS', 'Action RPG']"
1300538099,Death Stranding: Director's Cut,2021-09-24,M,"Open-World Action, Action RPG, Linear Action Adventure","From legendary game creator Hideo Kojima comes a genre-defying experience, now expanded and remastered for the PlayStation 5 console in this definitive Director’s Cut. In the future, a mysterious event known as the Death Stranding has opened a doorway between the living and the dead, leading to grotesque creatures from the afterlife roaming the fallen world marred by a desolate society. Take on the trials of Sam Bridges with advanced combat, more character actions and a competitive ranking system for special player challenges.* Make use of additional weapons and vehicles, take on new enemy types and explore new locations such as the Firing Range and Racetrack, featuring extra missions and minigames. Experience an extended storyline through new missions in an expanded area. ","PlayStation 5,PC,Xbox Series X",85.0,66,Generally favorable,81,2263,Generally favorable,"85,85,91",Kojima Productions,"Sony Interactive Entertainment,PlayStation Studios","['PlayStation 5', 'PC', 'Xbox Series X']","['Open-World Action', 'Action RPG', 'Linear Action Adventure']"
1300030968,Saints Row 2,2008-10-14,M,"Open-World Action, Action RPG, FPS","Saints Row 2 is set years after the original Saints Row in a Stilwater both familiar and strange. The explosive conclusion to Saints Row has left the player wounded, betrayed and thirsty for revenge, and now it's time to take back the city that has forgotten him. A sequel to the first open-world title on next-generation consoles, Saints Row 2 features all new customization options, including gender, age, voice, crib and gang customization. The sandbox just got larger with a totally transformed and expanded city of Stilwater, offering all new locations to explore with new vehicles, including motorcycles, boats, helicopters and planes. Saints Row 2 is playable online in 2-player co-op through the entire single-player campaign or in the all new open-world competitive multiplayer mode never before seen in the genre. [THQ]","PC,Xbox 360,PlayStation 3",81.0,75,Generally favorable,82,403,Generally favorable,"72,81,82",Volition Inc.,"THQ,Koch Media,Deep Silver","['PC', 'Xbox 360', 'PlayStation 3']","['Open-World Action', 'Action RPG', 'FPS']"
1300145273,Watch Dogs,2014-05-27,M,"Open-World Action, FPS, Survival","In the modern uber-connected world, Chicago has the nation's most advanced and integrated computer system – one which controls almost every facet of city technology and maintains critical information on all of the city's residents. You assume the role of Aiden Pearce, a notorious hacker and former thug, whose criminal past lead to a violent family tragedy. Now on the hunt for those people who have hurt your family, you will be able to monitor and hack all who surround you while manipulating the city's systems to stop traffic lights, download personal information, manipulate the electrical grid and more. Use the entire city of Chicago as your personal weapon and exact your signature brand of revenge.","PC,PlayStation 4,Wii U,Xbox One",80.0,80,Generally favorable,67,4436,Mixed or average,"77,80,62,78",Ubisoft Montreal,Ubisoft,"['PC', 'PlayStation 4', 'Wii U', 'Xbox One']","['Open-World Action', 'FPS', 'Survival']"
1300223091,Metal Gear Solid V: Ground Zeroes,2014-03-18,M,"Open-World Action, FPS, Action RPG","Ground Zeroes showcases Kojima Productions' FOX Engine, a true next-generation game engine which promises to revolutionize the Metal Gear Solid experience. The first Metal Gear Solid title to offer open world gameplay. Ground Zeroes offers total freedom of play: how missions are undertaken is entirely down to the user. Unrestricted stealth: Imagine classic Metal Gear gameplay but with no restrictions or boundaries. Players use intelligence and cerebral strategy to sneak their way through entire missions, or go in all guns blazing. Each will have different effects on game consequences and advancement. Multiple missions and tasks - Ground Zeroes boasts a central story mode and Side-Ops missions ranging from tactical action, aerial assaults and ""covert"" missions that will be sure to surprise. Ground Zeroes users will benefit from a clean in-game HUD that shows the minimal amount of on-screen data to give a more intense gaming experience. [Konami]","Xbox One,PlayStation 4,PlayStation 3,PC",75.0,70,Generally favorable,65,1719,Mixed or average,"76,75,66,80",Kojima Productions,Konami,"['Xbox One', 'PlayStation 4', 'PlayStation 3', 'PC']","['Open-World Action', 'FPS', 'Action RPG']"
1300169309,Westerado: Double Barreled,2015-04-16,,"Open-World Action, FPS, Linear Action Adventure","Brought to you by the indie game developer Ostrich Banditos, Westerado takes you on a pixilated journey through the Old West where you must avenge the murder of your family. With a deep narrative and a new mystery every time you play, Westerado presents a full experience rarely seen in free casual gaming. So strap on that six shooter and get ready for some serious avenging. It's time to play Westerado.","PC,Xbox One",80.0,18,Generally favorable,77,46,Generally favorable,"80,76",Ostrich Banditos,Adult Swim,"['PC', 'Xbox One']","['Open-World Action', 'FPS', 'Linear Action Adventure']"
1300528615,Tchia,2023-03-21,T,"Open-World Action, Action RPG, FPS","A Tropical Open-World adventure. Climb, glide, swim, and sail your boat around a beautiful archipelago in this physics-driven sandbox. Use Tchia's special ability to take control of any animal or object you can find, and Jam on your fully playable Ukulele. A game inspired by New Caledonia.","PC,PlayStation 5,Nintendo Switch",77.0,36,Generally favorable,66,167,Mixed or average,"76,77,85",Awaceb,"Kepler Interactive,Maximum Games","['PC', 'PlayStation 5', 'Nintendo Switch']","['Open-World Action', 'Action RPG', 'FPS']"
1300002704,Serious Sam: The First Encounter,2001-03-21,M,"FPS, Open-World Action, Survival","Sam ""Serious"" Stone, Earth?s stud warrior, is sent back to Egypt, 3000 B.C., to fight hordes of alien monsters in this acclaimed ""Doom""-sytle, back-to-basics, first-person shooter out of Croatia which is listed, amazingly, at the bargain basement price of 20 bucks!","Xbox,PC",87.0,31,Generally favorable,83,497,Generally favorable,"75,87",Croteam,"Gathering of Developers,Devolver Digital,CyberFront,Take-Two Interactive","['Xbox', 'PC']","['FPS', 'Open-World Action', 'Survival']"
1300018276,Star Wars Jedi Knight: Jedi Academy,2003-09-17,T,"FPS, Action RPG, Open-World Action","As a new student of Luke Skywalker's Jedi Academy, follow an ancient tradition and learn the powers - and dangers - of the Force. The Force is a powerful ally; use it wisely. Immerse yourself in the classic Star Wars universe as you take on the role of a student eager to learn the ways of the Force from Master Luke Skywalker. Interact with famous classic Star Wars locations and characters while facing the ultimate choice: fight for good and freedom in the light side or follow the path of power and evil to the dark side. Create your own characters by defining various characteristics, such as species, gender, clothing and physical attributes allowing for a more personal experience before entering the academy to learn the powers - and dangers - of the Force. Construct your own lightsaber from handle to blade color. Utilize two if you prefer or try the ultimate dual-bladed lightsaber made famous by Darth Maul. Unique tiered level selection allows you to choose you adventure and the missions you take based on the skills you need to become the ultimate Jedi Knight. [LucasArts]","PC,Xbox,Nintendo Switch,PlayStation 4",81.0,34,Generally favorable,85,594,Generally favorable,"81,76,68,68",Raven Software,"LucasArts,Limited Run Games,CyberFront,Activision,Electronic Arts","['PC', 'Xbox', 'Nintendo Switch', 'PlayStation 4']","['FPS', 'Action RPG', 'Open-World Action']"
1300516347,HROT,2023-05-16,,"FPS, Open-World Action, Survival","HROT is a single-player retro FPS set in a small socialist country neighboring Soviet Union (Czechoslovakia) after an unspecified disaster in 1986. Those times were dark and terrifying and so is the game.
",PC,86.0,6,Generally favorable,84,31,Generally favorable,86,Spytihnev,Spytihnev,['PC'],"['FPS', 'Open-World Action', 'Survival']"
1300004242,Unreal Tournament 2003,2002-09-30,M,"FPS, Action RPG, Open-World Action","Reload with Unreal Tournament 2003 - the sequel to 1999's multiple 'Game of the Year' award winner - ""Unreal Tournament."" Using the latest Unreal technology, Unreal Tournament 2003 takes you to the merciless arenas of the future, where elite warriors rely on skill, speed, cunning and awesome firepower to demonstrate their style and become the ultimate champion. [Infogrames]",PC,86.0,27,Generally favorable,81,133,Generally favorable,86,Digital Extremes,Infogrames,['PC'],"['FPS', 'Action RPG', 'Open-World Action']"
1300004638,Savage: The Battle for Newerth,2003-09-09,T,"FPS, Action RPG, Open-World Action","Choose to be a commander and you will play an in-depth RTS managing the stronghold, or choose to be a warrior and you will play an intense game of first person combat. With the creation of a new game play genre, RTSS (Real Time Strategy Shooter), Savage expertly redefines the first-person shooter and real-time strategy genres by combining elements of both into one cohesive experience. As the commander in RTS mode, you will tackle resource management, develop a robust tech tree, plan your assault and lead real human players into battle. As a warrior in action mode, you will master many unique weapons, powerful units, and siege vehicles to fight a fast paced battle. Set in a unique fantasy world eons from now where Humans and Beasts battle violently for their very existence. Savage transports PC gamers to the next level in multi-player gaming. Choose to fight on the side of HUMANITY, armed with science and technology, or take the side of the BEAST HORDE, masters of nature and magic. Each race has its own style of battle, its own leader, and its own way to victory. Which side are you on? [S2 Games]",PC,75.0,29,Generally favorable,70,13,Mixed or average,75,S2 Games,"iGames,Digital Jesters",['PC'],"['FPS', 'Action RPG', 'Open-World Action']"
1300477669,AMID EVIL,2019-06-20,,"FPS, Open-World Action, Survival",A retro FPS for the ages! Once branded a HERETIC. Now YOU have been chosen as our champion! Reclaim our sacred weapons. Take back our ancient lands. If you can stand... AMID EVIL.,PC,85.0,9,Generally favorable,76,123,Generally favorable,85,Indefatigable,New Blood Interactive,['PC'],"['FPS', 'Open-World Action', 'Survival']"
1300554719,Deadlink,2024-07-30,M,"FPS, Action RPG, Open-World Action","Deadlink is a cyberpunk FPS with roguelite elements. You're the first operative to be recruited to the experimental Deadlink project. Pilot an autonomous combat shell, fighting your way through cramped slums, twisted labs, grimy warehouses, and sleek office buildings on a mission to thwart the schemes of the most powerful corporations in the world.

Wield a deadly arsenal, upgrade your skills and tech, devastate destructible environments, and slash corporate profit margins - all at the same time.","PC,Xbox Series X,PlayStation 5",81.0,17,Generally favorable,75,14,Generally favorable,"80,83,81",Gruby Entertainment,Crunching Koalas,"['PC', 'Xbox Series X', 'PlayStation 5']","['FPS', 'Action RPG', 'Open-World Action']"
1300516565,Bears In Space,2024-03-22,,"FPS, Open-World Action, Action RPG","Get ready to unleash your inner bear in Bears in Space, the over-the-top bullet-hell FPS that's bound to have you ROARING with excitement! Dive headfirst into hordes of oil-thirsty robots as you embody Maxwell Atoms, a Spacetronaut turned extraterrestrial castaway, whose DNA has been merged with Beartana, the She-Bear.

Embark on a zany and humorous out-of-this-world adventure that'll have you blasting your way across exciting and varied locations, from wastelands to space carnivals to ancient hidden temples and more as you quest to find your way back to earth and if there's time, save your crew.",PC,79.0,10,Generally favorable,68,13,Mixed or average,79,Broadside Games,Ravenscourt,['PC'],"['FPS', 'Open-World Action', 'Action RPG']"
1300035796,Crysis Warhead,2008-09-16,M,"FPS, Action RPG, Linear Action Adventure","In Crysis Warhead, players don the Nanosuit of Sergeant Sykes, also known as 'Psycho', one of the most memorable characters from Crysis.  More brash and aggressive than his Delta Force squadmate Nomad, players experience Psycho's parallel story during the events of the original game, finding that life on the other side of the island is even more intense and explosive than they ever could have imagined. Luckily, Psycho's Nanosuit is just as capable and he's equipped with an even bigger arsenal of fully customizable weapons and new vehicles, giving players access to the tools they need to dominate any situation.  Aside from this new  single player campaign, Crysis Warhead also features new multiplayer content. [Electronic Arts]",PC,84.0,56,Generally favorable,78,637,Generally favorable,84,Crytek,Electronic Arts,['PC'],"['FPS', 'Action RPG', 'Linear Action Adventure']"
1300277181,Far Cry 4,2014-11-18,M,"FPS, Open-World Action, Action RPG","Hidden in the towering Himalayas lies a country steeped in tradition and violence. You are Ajay Ghale, returning to the country of your birth, the lush forests and harsh snow capped summits of Kyrat, to fulfill your mother’s dying wish of spreading her ashes. This vast and unpredictable country offers visitors opportunity and danger. You quickly find yourself caught up in a rebellion to overthrow the oppressive regime of Pagan Min, a figure known as much for his sense of style and charisma as for his cruelty and naked brutality. Navigating the treacherous landscape, you find your fate increasingly determined by the choices you make because in Kyrat, and every second is a story. In Far Cry 4, you’ll conquer fortress outposts from the back of a 6-ton elephant and take to the skies as you rain down explosives from your moving perch in the gyrocopter. The vertical landscape of the Himalayas isn’t just a gorgeous backdrop, but a playground that encourages the player to fight, hunt and explore, grappling cliffs or launching into the air, plummeting to the valley below in a controlled free fall with your wing suit. You’ll carry with you a truly unique arsenal of weaponry that lets you play your way, whether it’s sniping, sneaking or all-out assault. When all else fails, animals can be your biggest allies or your greatest peril, as Kyrat’s wilderness delivers on the promise of a true open world anecdote factory.","PlayStation 4,Xbox One,PC",85.0,83,Generally favorable,77,3469,Generally favorable,"85,82,80",Ubisoft Montreal,Ubisoft,"['PlayStation 4', 'Xbox One', 'PC']","['FPS', 'Open-World Action', 'Action RPG']"
1300061845,Serious Sam HD: The Second Encounter,2010-04-28,M,"FPS, Survival, Open-World Action","Developed by Croteam and powered by the Serious Engine 3, Serious Sam HD: The Second Encounter combines enhanced visuals, including more polygons, higher resolution textures and more special effects like hippy and kid’s mode, with trademark frantic gameplay for a non-stop action. Featuring single-play, survival and cooperative play and mixed with brilliantly updated visuals, the game continues your battle against Mental’s army with the classic over-the-top action, crazy humor and horror from the golden age of first-person shooters. Combines intense versus and team modes for up to 16 players and in over 18 multiplayer maps, demo recording option, spectators and dedicated server support. [Steam]","PC,Xbox 360",76.0,20,Generally favorable,83,231,Generally favorable,"76,72",Croteam,Devolver Digital,"['PC', 'Xbox 360']","['FPS', 'Survival', 'Open-World Action']"
1300018465,Star Wars: Republic Commando,2005-02-28,T,"FPS, Action RPG, Open-World Action","Enter the dark military side of the Star Wars universe as a squad leader of a Republic Special Operations unit. You are a Republic Commando. You must infiltrate deep behind enemy lines and lead your elite team on precision operations &#8211; lurking in the shadows, striking at will...Explore the military side of the Star Wars universe like never before.Explore eight diverse environments including the hostile surface and subterranean setting of the planet Geonosis, the massive machine-like interiors of a Separatist Core Ship, a disabled and overrun Republic Assault Ship and the lower jungles and tree cities of the Wookiee home planet of Kashyyyk, while you take on special operations that feature hostage rescue, infiltration/data retrieval, assassination, assault, sabotage and reconnaissance objectives. Access to more than twelve authentic weapons including the primary Republic Commando firearm, the DC-17m and secondary weapon the DC-15s Blaster Pistol, as well as enemy weapons such as the Trandoshan Slaver Shotgun and Geonosian Elite Beam Weapon. Innovative squad combat utilizing intuitive and accessible ""smart squad"" command system featuring squad markers and stances. Challenging combat with enemies that include Trade Federation Super Battle Droids and Droidekas, Geonosian Warriors and Elites, and Trandoshan Slavers and Mercenaries. Multi-player capabilities including deathmatch, team deathmatch and capture the flag. [LucasArts]","Xbox,PC,PlayStation 4,Nintendo Switch",78.0,54,Generally favorable,82,161,Generally favorable,"78,78,58,70",LucasArts,"LucasArts,Electronic Arts","['Xbox', 'PC', 'PlayStation 4', 'Nintendo Switch']","['FPS', 'Action RPG', 'Open-World Action']"
1300141899,Call of Duty: Black Ops II,2012-11-13,M,"FPS, Open-World Action, Survival",Call of Duty: Black Ops II thrusts players into a potential near future - a 21st Century Cold War in which technology and weapons have merged to create a new generation of warfare. Black Ops 2 introduces players to an insidious villain named Raul Menendez who hijacks the US military infrastructure to further his own agenda. Take control of the power of near-future technology and advanced robotics to pull the world back from the brink of annihilation.,"PlayStation 3,Xbox 360,PC,Wii U",83.0,73,Generally favorable,61,3465,Mixed or average,"83,83,74,81",Treyarch,"Activision,Square Enix","['PlayStation 3', 'Xbox 360', 'PC', 'Wii U']","['FPS', 'Open-World Action', 'Survival']"
1300493698,Prodeus,2022-09-23,,"FPS, Action RPG, Open-World Action","Prodeus is the first person shooter of old, re-imagined using modern rendering techniques. It reaches the quality you expect from a AAA experience while adhering to some of the aesthetic technical limits of older hardware.
","PC,Nintendo Switch,PlayStation 5",84.0,15,Generally favorable,77,103,Generally favorable,"84,81,75",Bounding Box Software,Humble Games,"['PC', 'Nintendo Switch', 'PlayStation 5']","['FPS', 'Action RPG', 'Open-World Action']"
1300486984,DOOM Eternal,2020-03-20,M,"FPS, Action RPG, Open-World Action","DOOM Eternal is the direct sequel to 2016's DOOM. Developed by id Software, DOOM Eternal delivers the ultimate combination of speed and power, along with the next leap in push-forward, first-person combat. As the DOOM Slayer, you’ll return to take your vengeance against the forces of Hell. Set to an all-new pulse-pounding soundtrack composed by Mick Gordon, you fight across dimensions as you slay new and classic demons with powerful new weapons and abilities. [Bethesda]","Xbox One,PlayStation 4,PC,Nintendo Switch",88.0,61,Generally favorable,85,6202,Generally favorable,"88,87,88,80",id Software,Bethesda Softworks,"['Xbox One', 'PlayStation 4', 'PC', 'Nintendo Switch']","['FPS', 'Action RPG', 'Open-World Action']"
1300002636,Clive Barker's Undying,2001-02-21,M,"FPS, Survival, Open-World Action","An FPS that delivers an unparalleled tale of horror. Summoned by an old friend, you are Patrick Galloway, master of the occult, armed with the dark knowledge of arcane magic and a six-shot weapon of forged metal grace. You must unravel the curse of the Covenant family ... or die trying.  [Electronic Arts]",PC,85.0,29,Generally favorable,86,186,Generally favorable,85,Dreamworks Games,"Electronic Arts,EA Games,Sold Out Software",['PC'],"['FPS', 'Survival', 'Open-World Action']"
1300467119,Call of Duty: WWII,2017-11-03,M,"FPS, Action RPG, Open-World Action","Call of Duty returns to its roots with Call of Duty: WWII - a breathtaking experience that redefines World War II for a new gaming generation. Land in Normandy on D-Day and battle across Europe through iconic locations in historys most monumental war. Experience classic Call of Duty combat, the bonds of camaraderie, and the unforgiving nature of war against a global power throwing the world into tyranny.","PlayStation 4,Xbox One,PC",79.0,83,Generally favorable,54,2588,Mixed or average,"79,80,73",Sledgehammer Games,"Activision,Sony Interactive Entertainment","['PlayStation 4', 'Xbox One', 'PC']","['FPS', 'Action RPG', 'Open-World Action']"
1300002772,Star Trek: Voyager Elite Force,2000-09-20,T,"FPS, Survival, Open-World Action","As Lt. Tuvok, you'll leap into action to defend the Voyager from assault, battle through derelict spacecraft, infiltrate a Borg cube, and take on the ultimate colonization force -- all while facing annihilation at every turn. No one said being a hero was easy.  [Activision]","PC,PlayStation 2",86.0,25,Generally favorable,83,81,Generally favorable,"86,52",Raven Software,Activision,"['PC', 'PlayStation 2']","['FPS', 'Survival', 'Open-World Action']"
1300000098,Descent 3,1999-06-17,T,"FPS, Action RPG, Open-World Action","Descent 2 ended with you drifting helplessly in deep space. Just as your life support begins to fail, you are miraculously rescued by a group of renegade researchers. Soon after, the researchers confide that a Dr. Swietzer has been secretly developing the deadly robot virus you've encountered in the mines. Upon agreeing to help the researchers locate Swietzer, you learn that Dravis, the corporate executive who contracted you, not only is working with Swietzer, but intentionally sabotaged your warp drive, leaving you stranded in the depths of space. Rejuvenated with a desire for revenge, you focus your search for Swietzer, and eagerly await your next meeting with Dravis. The gut-wrenching Descent saga continues with more pulse-pounding action than ever before. Dive into massive subterranean strongholds and experience a whole new degree of freedom powered by the all-new Fusion engine. Test your piloting skills against an army of assault-bots using an extensive arsenal of firepower. Prepare yourself for an explosive new 3D action-experience that will turn your world INSIDE-OUT! [Interplay]",PC,89.0,14,Generally favorable,77,47,Generally favorable,89,Outrage Games,Interplay,['PC'],"['FPS', 'Action RPG', 'Open-World Action']"
1300606670,Star Wars: Dark Forces Remaster,2024-02-28,T,"FPS, Open-World Action, Survival","Created in collaboration with Lucasfilm Games and fully remastered through our KEX engine, Star Wars: Dark Forces Remaster supports up to 4K at 120FPS and features advanced 3D rendering, modern gamepad support, trophies and achievements, and more!

Star Wars: Dark Forces Remaster is coming soon to PS4, PS5, Xbox One, Series X|S, Nintendo Switch, and PC (Steam).","PlayStation 5,Xbox Series X,PC,Nintendo Switch",78.0,14,Generally favorable,67,42,Mixed or average,"65,76,78,81",Nightdive Studios,Nightdive Studios,"['PlayStation 5', 'Xbox Series X', 'PC', 'Nintendo Switch']","['FPS', 'Open-World Action', 'Survival']"
1300306870,Resident Evil HD Remaster,2015-01-20,M,"Survival, Open-World Action, FPS",The game that defined the survival-horror genre is back! Check out the remastered HD version of Resident Evil. In 1998 a special forces team is sent to investigate some bizarre murders on the outskirts of Raccoon City. Upon arriving they are attacked by a pack of blood-thirsty dogs and are forced to take cover in a nearby mansion. But the scent of death hangs heavy in the air. Supplies are scarce as they struggle to stay alive.,"Nintendo Switch,PlayStation 4,Xbox One,PC",83.0,49,Generally favorable,85,1325,Generally favorable,"80,83,82,82",Capcom,Capcom,"['Nintendo Switch', 'PlayStation 4', 'Xbox One', 'PC']","['Survival', 'Open-World Action', 'FPS']"
1300515796,CONSCRIPT,2024-07-23,,"Survival, FPS, Action RPG","CONSCRIPT is a survival horror game inspired by classics of the genre - set in 1916 during the Great War. CONSCRIPT will blend all the punishing mechanics of older horror games into a cohesive, tense, and unique experience.

In CONSCRIPT, you play as a French soldier searching for his missing-in-action brother during the Battle of Verdun. 

Will you be able to search twisted trenches, navigate overrun forts, and cross no-mans-land to find him, and ensure a home goes unbroken?","PC,PlayStation 5,Xbox Series X",80.0,18,Generally favorable,80,54,Generally favorable,"80,74,79",Catchweight Studio,Team17,"['PC', 'PlayStation 5', 'Xbox Series X']","['Survival', 'FPS', 'Action RPG']"
1300510414,Sons of the Forest,2024-02-22,,"Survival, Open-World Action, Action RPG","An entirely new experience from the makers of the 'The Forest'. Sent to find a missing billionaire on a remote island, you find yourself in a cannibal-infested hellscape. Craft, build, and struggle to survive, alone or with friends, in this terrifying new open-world survival horror simulator. Experience complete freedom to tackle the world how you want. You decide what you do, where to go and how best to survive. There are no NPC's barking orders at you or giving you missions you don't want to do. You give the orders, you choose what happens next. Enter a world where nowhere is safe and fight against a range of mutated creatures, some who are almost human like, and others who are like nothing you have ever seen before. Armed with pistols, axes, stun batons and more, protect yourself and those you care for. Feel every interaction; Break sticks to make fires. Use an axe to cut out windows and floors. Build a small cabin, or a sea-side compound, the choice is yours. Pluck fresh salmon directly from streams in spring and summer. Collect and store meat for the cold winter months. You're not alone on this island, so as winter rolls in and food and resources become scarce you won't be the only one looking for a meal. Co-op Gameplay - Survive alone, or with friends. Share items and work together to build defenses. Bring back-up to explore above and below ground. ",PC,86.0,12,Generally favorable,73,386,Mixed or average,86,Endnight Studios,Newnight,['PC'],"['Survival', 'Open-World Action', 'Action RPG']"
1300553298,Alan Wake II,2023-10-27,M,"Survival, Action RPG, Open-World Action","Shed some light on what has long been obscured by darkness. After 11 long years, the writer's return is a reality and the dangers lurking in the dark are even more sinister than the Taken roaming Bright Falls.  Alan Wake 2 turns up the level of dread as our very first dive into the survival horror genre, so expect a chilling experience with familiar psychological horror elements.  Be careful out there. Monsters wear many faces.","PlayStation 5,PC,Xbox Series X",89.0,71,Generally favorable,85,4078,Generally favorable,"89,89,90",Remedy Entertainment,"Epic Games,Limited Run Games","['PlayStation 5', 'PC', 'Xbox Series X']","['Survival', 'Action RPG', 'Open-World Action']"
1300578382,Pacific Drive,2024-02-21,T,"Survival, FPS, Open-World Action","Pacific Drive is a first-person driving survival game set in the pacific northwest region of the United States. With your car as your only companion, you'll travel deep into the Olympic Exclusion Zone - a surreal and mysterious place that's been abandoned for decades.","PlayStation 5,PC",79.0,43,Generally favorable,63,288,Mixed or average,"77,79",Ironwood Studios,"Kepler Interactive,Ironwood Studios","['PlayStation 5', 'PC']","['Survival', 'FPS', 'Open-World Action']"
1300641428,Dead Rising Deluxe Remaster,2024-09-19,M,"Survival, Open-World Action, FPS","Dead Rising returns with modern graphics!
More than just a remaster, this Deluxe Remaster is a full graphical overhaul of the first game in zombie-slaughtering action game series ""Dead Rising.""
This remaster has also been fully voiced, supports auto-saves, and has various other quality-of-life features.
Witness the unmatched mayhem and freedom for yourself!","PlayStation 5,Xbox Series X,PC",83.0,57,Generally favorable,54,172,Mixed or average,"83,75,79",Capcom,Capcom,"['PlayStation 5', 'Xbox Series X', 'PC']","['Survival', 'Open-World Action', 'FPS']"
1300538539,Dying Light: Platinum Edition,2021-10-19,M,"Survival, FPS, Action RPG","Features:

Dying Light - the full award-winning game.

Dying Light: The Following - a huge expansion complete with a new story, vast original map, and a customizable buggy to drive.

Dying Light: Bozak Horde - a challenging game mode with its own side story.

Cuisine & Cargo - two additional quarantine zones.

Ultimate Survivor Bundle - exclusive weapons and outfits.

Crash Test Skin Pack - a madcap cosmetic pack.

Hellraid - a new game mode in a dark-fantasy setting.

A large collection of skins and weapons that will make slaughtering zombies even more fun.","PC,Nintendo Switch",78.0,21,Generally favorable,85,118,Generally favorable,"75,78",Techland,"Techland,Square Enix,Spike Chunsoft,Koch Media","['PC', 'Nintendo Switch']","['Survival', 'FPS', 'Action RPG']"
1300572395,The Alters,2025-06-13,,"Survival, Open-World Action, Action RPG","The Alters is an ambitious sci-fi survival game with a unique twist. You play as Jan Dolski, the lone survivor of a crash-landed expedition on a hostile planet. To survive, you must form a new crew for your mobile base. Using a substance called Rapidium, you create alternative versions of Jan—THE ALTERS—each one shaped by a different crucial decision from the protagonist’s past.

As you navigate through survival and moral dilemmas, you will explore a branching narrative filled with captivating character dynamics and challenging decisions.","PC,Xbox Series X,PlayStation 5",85.0,63,Generally favorable,83,553,Generally favorable,"85,86,83",11 bit studios,"11 bit studios,Silver Lining Interactive","['PC', 'Xbox Series X', 'PlayStation 5']","['Survival', 'Open-World Action', 'Action RPG']"
1300541139,My Friendly Neighborhood,2023-07-18,,"Survival, Action RPG, Linear Action Adventure","Something is amiss with everyone's favorite Saturday morning puppet show! For years, the colorful cast of The Friendly Neighborhood delighted audiences across the globe with their cooky capers and educational adventures. However, as time went on and interest waned, the production studio found themselves out of money and closed their doors for good.

Toy sales would dwindle, and birthday balloons and cakes would find new mascots. In time, the once household names would fade into increasingly niche fandoms. Until one night years later, the studio unexpectedly clicks back to life and starts broadcasting The Friendly Neighborhood. TV sets across the globe flicker for a moment before the familiar puppets return for a surprise encore!

Play as Gordon, a repairman sent to get to the bottom of this disturbing dilemma. Fend off puppets and solve puzzles in this survival horror adventure.",PC,82.0,9,Generally favorable,76,33,Generally favorable,82,John Szymanski,DreadXP,['PC'],"['Survival', 'Action RPG', 'Linear Action Adventure']"
1300450942,Resident Evil 2,2019-01-25,M,"Survival, Linear Action Adventure, Open-World Action","In Resident Evil 2, the classic action, tense exploration, and puzzle solving gameplay that defined the Resident Evil series returns. Players join rookie police officer Leon Kennedy and college student Claire Redfield, who are thrust together by a disastrous outbreak in Raccoon City that transformed its population into deadly zombies. Both Leon and Claire have their own separate playable campaigns, allowing players to see the story from both characters’ perspectives. The fate of these two fan favorite characters is in players hands as they work together to survive and get to the bottom of what is behind the terrifying attack on the city. Will they make it out alive?","PlayStation 4,Xbox One,PC",91.0,85,Universal acclaim,88,7334,Generally favorable,"91,93,89",Capcom R&D Division 1,Capcom,"['PlayStation 4', 'Xbox One', 'PC']","['Survival', 'Linear Action Adventure', 'Open-World Action']"
1300033487,Penumbra: Black Plague,2008-02-12,M,"Survival, Action RPG, Open-World Action","Penumbra: Black Plague is a creepy and dark psychological horror experience featuring the adventures of Philip as he sets of in search of his dead father. Trapped in a shadowy, underground complex, intrepid explorer Philip is determined to discover the truth behind his father's disappearance. Surrounded by enemies and assaulted by terror from all sides, Philip must collect clues and solve vexing puzzles while combating the gnawing psychological terrors that assail his mind and threaten to strip him of his sanity. Can Philip master his fear and finally uncover the truth behind a mystery that has haunted him for a lifetime? Only you can decide. [Paradox Interactive]",PC,78.0,29,Generally favorable,85,226,Generally favorable,78,Frictional Games,Paradox Interactive,['PC'],"['Survival', 'Action RPG', 'Open-World Action']"
1300614540,Crow Country,2024-05-09,,"Survival, FPS, Action RPG","The year is 1990. Edward Crow has disappeared. The owner of 'Crow Country' (a small theme park in the rural outskirts of Atlanta, Georgia), he has not been seen since he unexpectedly shut down his park two years ago. The silence is broken when a mysterious young woman named Mara Forest ventures into the heart of the abandoned theme park in order to find him.

Why did Crow really shut down his park? Are the disturbing rumours about Crow Country true? Who, exactly, is Mara Forest?

A Survival Horror adventure featuring: A rich atmosphere. A strong, tangible sense of place. A small but memorable cast of characters. Meaningful exploration. Engaging puzzles. And most of all - a beautiful, uncanny blend of tension and tranquillity.","PlayStation 5,PC,Xbox Series X,Nintendo Switch",84.0,29,Generally favorable,80,112,Generally favorable,"82,84,80,81",SFB Games,SFB Games,"['PlayStation 5', 'PC', 'Xbox Series X', 'Nintendo Switch']","['Survival', 'FPS', 'Action RPG']"
1300307954,Five Nights at Freddy's,2014-08-08,,"Survival, Open-World Action, FPS","Welcome to your new summer job at Freddy Fazbear's Pizza, where kids and parents enter for entertainment and food as far as the eye can see. The main attraction is Freddy Fazbear, of course; and his couple offriends. They are animatronic robots, programmed to please the crowds. The robots' behavior has become somewhat unpredictable at night however, and it was much cheaper to hire you as a security guard than to find a repairman. From your small office you must watch the security cameras carefully. You have a very limited amount of electricity that you're allowed to use per night (corporate budget cuts, you know). That means when you run out of power for the night- no more security doors and no more lights! If something isn't right- namely if Freddybear or his friends aren't in their proper places, you must find them on the monitors and protect yourself if needed.",PC,78.0,8,Generally favorable,77,1360,Generally favorable,78,animdude,"animdude,Scott Cawthon",['PC'],"['Survival', 'Open-World Action', 'FPS']"
1300399390,Resident Evil: Revelations 2 - Episode 1: Penal Colony,2015-02-24,M,"Survival, Open-World Action, FPS","The first episode is entitled Penal Colony. Claire Redfield, one of the only survivors of the Raccoon City incident of 1998, has since joined an NGO called Terra Save, whose mission is to assist victims of biological weaponry. During an event at Terra Save’s HQ, a mysterious force abducts Claire and her co-workers and moves them to a creepy deserted island.","Xbox One,PC,PlayStation 4",75.0,22,Generally favorable,72,130,Mixed or average,"73,73,75",Capcom,Capcom,"['Xbox One', 'PC', 'PlayStation 4']","['Survival', 'Open-World Action', 'FPS']"
1300145271,ZombiU,2012-11-18,M,"Survival, FPS, Linear Action Adventure","For only the second time in history, a great plague has descended upon London, infecting the human race with a deadly disease. Big Ben tolls as hundreds upon thousands of the unprepared die or are infected by a sickness worse than death... You continue to breathe, for now. But how long will you survive in the labyrinth of London streets and underground as the infected close in around you? The horrifying remains of humanity ravaged by the foul disease shuffle through the streets, waiting to prey on your living flesh at every turn. ZombiU is designed to take advantage of the Wii U and its new controller and will test your will to survive in a zombie Survival-Horror First Person Shooter. So grab hold of the height of survival kits – your new controller – and stock up your Bug-Out Bag with supplies. Make every second count; you only get one chance. ","PlayStation 4,Xbox One,PC,Wii U",77.0,70,Generally favorable,77,805,Generally favorable,"71,72,65,77",Ubisoft Montpellier,Ubisoft,"['PlayStation 4', 'Xbox One', 'PC', 'Wii U']","['Survival', 'FPS', 'Linear Action Adventure']"
1300018303,The Suffering,2004-03-09,M,"Survival, Action RPG, Open-World Action","The Suffering captures the disturbing and terrifying nature of the horror genre in a compelling third-person action/adventure game set in the mature and gritty world of a maximum-security prison. By alternating periods of tense and terror-filled exploration with frenetic combat sequences, The Suffering creates the ultimate experience of terror. In the dark world of The Suffering, creatures jump out of shadows, fall out of trees, and erupt out of the ground, attacking the player in the most frightening ways possible. Along with a cast of uniquely hardened criminals and guards, you?ll battle not only the ghoulish apparitions besieging the prison but also the demons of your own forgotten past. The player controls the prisoner Torque, a hardened inmate in his late 20s, sentenced to die for a murder he may or may not have actually committed. Underneath Torque?s tough exterior hides a man who is not quite psychologically balanced, who fears far more than he would ever admit to. As a side effect of his mental instability, Torque has flashbacks to the events from his past, throbbing images that depict the events that lead up to the crime for which he was imprisoned. Torque is also subject to black outs where he becomes extremely violent and transforms into a massive monster hell-bent on destruction. [Midway]","PlayStation 2,Xbox,PC",77.0,47,Generally favorable,78,76,Generally favorable,"77,77,80",Surreal Software,Midway,"['PlayStation 2', 'Xbox', 'PC']","['Survival', 'Action RPG', 'Open-World Action']"
1300514897,Signalis,2022-10-27,M,"Survival, Open-World Action, Action RPG","Awaken from slumber and explore a surreal retrotech world as Elster, a technician Replika searching for her lost partner and her lost dreams.

Discover terrifying secrets, challenging puzzles, and nightmarish creatures in a tense and melancholic experience of cosmic dread and classic psychological survival horror.","PC,Xbox One,Nintendo Switch,PlayStation 4",81.0,32,Generally favorable,84,335,Generally favorable,"81,82,84,80",rose-engine,Humble Games,"['PC', 'Xbox One', 'Nintendo Switch', 'PlayStation 4']","['Survival', 'Open-World Action', 'Action RPG']"
1300572247,Layers of Fear,2023-06-15,M,"Survival, Linear Action Adventure, FPS","Layers of Fears is a first-person psychedelic horror chronicle focused on tense exploration and immersive storytelling - a new game built upon the foundations of Layers of Fear, LOF: Inheritance, and Layers of Fear 2 with a surprising new story and gameplay direction.

Created with the cutting-edge Unreal Engine 5 technology, the game will support Ray Tracing, HDR effect, 4K resolution, and make use of the Lumen system to offer the most immersive and visceral horror experience.

Layers of Fears will be the complete, definitive and at the same time unpredictable way to discover the stories of artists enslaved by their obsessions. Prepare for an exquisite horror experience thanks to the expanded plot lines that will cast a new light on the overarching narrative.","PC,PlayStation 5,Xbox Series X",75.0,29,Generally favorable,69,105,Mixed or average,"73,75,72",Bloober Team,Bloober Team,"['PC', 'PlayStation 5', 'Xbox Series X']","['Survival', 'Linear Action Adventure', 'FPS']"
1300399391,Resident Evil: Revelations 2 - Episode 2: Contemplation,2015-03-03,M,"Survival, Open-World Action, FPS","Episode 2 picks off on the island where the events of ""Penal Colony"" left off.","Xbox One,PC,PlayStation 4",75.0,17,Generally favorable,69,79,Mixed or average,"74,76,75",Capcom,Capcom,"['Xbox One', 'PC', 'PlayStation 4']","['Survival', 'Open-World Action', 'FPS']"
1300024446,Alan Wake,2010-05-18,T,"Survival, Open-World Action, Action RPG","Alan Wake is a psychological action thriller, a unique new take in the world of gaming. The game is set in an idyllic all-American small town and its surroundings in the state of Washington. Alan Wake, the game's protagonist, is a bestselling horror writer, who writes a novel about his darkest nightmares. In the game, those nightmares come true. As with Remedy's previous games, story and atmosphere are fundamental elements. The game features a massive, open world for the players to explore. The game design is mission based with the player as the driving force behing the action, and as with their previous games, Remedy again focuses completely on delivering the best possible single player experience. The use of light is a significant gameplay element. Remedy has developed proprietary new technology to support the gameplay of the title and to push the high definition visuals to the next level. [Remedy]","PC,Xbox 360",83.0,100,Generally favorable,81,1546,Generally favorable,"83,83",Remedy Entertainment,Microsoft Game Studios,"['PC', 'Xbox 360']","['Survival', 'Open-World Action', 'Action RPG']"
1300536979,Lies of P,2023-09-19,M,"Action RPG, Open-World Action, Linear Action Adventure","You wake up at an abandoned train station in Krat, a city overwhelmed by madness and bloodlust. In front of you lies a single note that reads:

""Find Mr. Geppetto. He's here in the city.""

Play as Pinocchio, a puppet mechanoid, and fight through everything in your path to find this mystery person. But don't expect any help along the way and don't make the mistake of trusting anyone.

You must always lie to others if you hope to become human.

Inspired by the familiar story of Pinocchio, Lies of P is an action souls-like game set in a cruel, dark Belle Epoque world.","PC,Xbox Series X,PlayStation 5",80.0,68,Generally favorable,83,3175,Generally favorable,"83,85,80",Round 8 Studio of NEOWIZ,Neowiz,"['PC', 'Xbox Series X', 'PlayStation 5']","['Action RPG', 'Open-World Action', 'Linear Action Adventure']"
1300497178,Asgard's Wrath,2019-10-10,M,"Action RPG, Open-World Action, FPS",Unleash the wrath of the Gods in a mythical Norse adventure that can only unfold in VR. Forge your destiny as both a mortal hero and living god in an action role playing game of unworldly depth.,PC,88.0,15,Generally favorable,79,96,Generally favorable,88,Sanzaru,Oculus Studios,['PC'],"['Action RPG', 'Open-World Action', 'FPS']"
1300543812,Monster Hunter Rise: Sunbreak,2022-06-30,,"Action RPG, Linear Action Adventure, Open-World Action","Monster Hunter Rise: Sunbreak is an expansion to the original Monster Hunter Rise. Featuring improved gameplay and nimble-feeling additions to combat mechanics, unique new monsters and hunting locales, and a new difficulty level in the form of Master Rank quests. As the hunter who saved Kamura from calamity, you must now journey to the far-off reaches of Elgado, an outpost near a Kingdom beset by a sinister new nemesis—the elder dragon Malzeno! Kamura Village is finally at peace, having fought off an onslaught of monsters attacks known as the Rampage. That hard-earned peace is disrupted by the unexpected appearance of the wolf-like monster Lunagaron in the Shrine Ruins. In the Shrine Ruins, the hunter meets Fiorayne, a knight of the Royal Order. Fiorayne asks for the hunter's help in investigating why monsters from the Kingdom are becoming violently aggressive and invading other territories, including Kamura. United in mission, they set off for the far-off outpost of Elgado. ","Nintendo Switch,PC,PlayStation 5,Xbox Series X",86.0,45,Generally favorable,79,216,Generally favorable,"85,86,88,85",Capcom,Capcom,"['Nintendo Switch', 'PC', 'PlayStation 5', 'Xbox Series X']","['Action RPG', 'Linear Action Adventure', 'Open-World Action']"
1300002790,Freedom Force,2002-03-24,T,"Action RPG, Open-World Action, FPS","From a distant corner of the galaxy, an evil alien race sets in motion a sinister plan to conquer the Earth. They unleash a powerful catalyst - Energy X - that imbues the planet's worst miscreants with super-powers to bring the planet to its knees. Now Earth's only hope lies with a new breed of heroes... The Freedom Force! Command a squad of comic book heroes in the defense of Patriot City. Choose from over a dozen heroes or create your own comic champions. Fight for freedom in over 20 action-packed missions. Restore order in a completely interactive 3D world. Take your heroes online and join the fight in multiplayer mode. [Electronic Arts]",PC,90.0,27,Universal acclaim,77,94,Generally favorable,90,Irrational Games,"Crave,2K Games,Electronic Arts",['PC'],"['Action RPG', 'Open-World Action', 'FPS']"
1300501825,Darksiders Genesis,2019-12-05,T,"Action RPG, Open-World Action, FPS","From the dawn of creation, the council has maintained the Balance across existence. Carrying out their orders are the Horsemen, Nephilim (powerful beings spawned from the unnatural union of angels and demons) who have pledged themselves to the Council and been granted immense power. However, this power came at a tragic cost: the Horsemen were ordered to use their newfound strength to wipe out the rest of their kind. What followed was a bloody battle on Eden where the Horsemen, obeying the will of the Council, annihilated the Nephilim. Darksiders: Genesis is an action/adventure that tears its way through hordes of demons, angels, and everything in-between on its way to Hell and back with guns blazing and swords swinging. Genesis gives players their first look at the world of Darksiders before the events of the original game, as well as introduces the horseman Strife.","PlayStation 4,Xbox One,PC,Nintendo Switch",77.0,70,Generally favorable,75,347,Generally favorable,"77,77,77,74",Airship Syndicate Entertainment,THQ Nordic,"['PlayStation 4', 'Xbox One', 'PC', 'Nintendo Switch']","['Action RPG', 'Open-World Action', 'FPS']"
1300510417,Weird West,2022-03-31,,"Action RPG, Open-World Action, FPS","Survive and unveil the mysteries of the Weird West through the intertwined destinies of its unusual heroes in an immersive sim from the co-creators of Dishonored and Prey. Discover a dark fantasy reimagining of the Wild West where lawmen and gunslingers share the frontier with fantastical creatures. Journey through the origin stories of a group of atypical heroes, written into legend by the decisions you make in an unforgiving land. Each journey is unique and tailored to the actions taken - a series of high stakes stories where everything counts and the world reacts to the choices you make. Form a posse or venture forth alone into an otherworldly confines of the Weird West and make each legend your own.","PC,PlayStation 4,Xbox One",76.0,52,Generally favorable,71,130,Mixed or average,"76,73,81",Wolfeye Studios,Devolver Digital,"['PC', 'PlayStation 4', 'Xbox One']","['Action RPG', 'Open-World Action', 'FPS']"
1300440591,NieR: Automata,2017-03-07,M,"Action RPG, Open-World Action, FPS","NieR Producer Yosuke Saito, director Taro Yoko and composer Keiichi Okabe return, teaming up with character designer Akihiko Yoshida and PlatinumGames to present the next entry in the saga – NieR: Automata.","PlayStation 4,PC",88.0,101,Generally favorable,88,4846,Generally favorable,"88,84",PlatinumGames,"Square Enix,Sony Interactive Entertainment","['PlayStation 4', 'PC']","['Action RPG', 'Open-World Action', 'FPS']"
1300493913,Alaloth - Champions of The Four Kingdoms,2024-11-21,,"Action RPG, Open-World Action, FPS","Alaloth is a dark god who turned on his pantheon and came to the mortal realms. There he lies imprisoned in the Valley of Storms, where the four great kingdoms of humans, orcs, elves, and dwarves intersect. From the Valley's heart, he spreads evil throughout the kingdoms, determined to extinguish any light of hope for all who call this world home.

Storms, monsters, plagues, strife, and great dragons beset the land - it will require strength and courage to defeat Alaloth in his prison.

Alaloth: Champions of The Four Kingdoms is a skill-driven ARPG game inspired by such classics as Baldur's Gate and Pillars of Eternity. Set in a rich fantasy world, resembling the darkest period of the Middle Ages, the game offers fast-paced action with a deep narrative.",PC,79.0,13,Generally favorable,78,55,Generally favorable,79,Gamera Games,Gamera Games,['PC'],"['Action RPG', 'Open-World Action', 'FPS']"
1300707511,Kingdom Come: Deliverance II - Mysteria Ecclesiae,2025-11-11,,"Action RPG, Survival, Linear Action Adventure","
TRAVEL TO
SEDLETZ MONASTERY
AND INVESTIGATE A DEADLY MYSTERY

Embark on a brand new storyline, rich in fresh quests, intriguing characters and unexpected endings.

Henry plays detective to uncover the secrets of a quarantined monastery; resources are scarce and every shadow could hide a peril. Will you be able to solve the mystery and stop the outbreak?
",PC,85.0,9,Generally favorable,78,47,Generally favorable,85,Warhorse Studios,Deep Silver,['PC'],"['Action RPG', 'Survival', 'Linear Action Adventure']"
1300670722,Lies of P: Overture,2025-06-06,,"Action RPG, Open-World Action, FPS","Lies of P: Overture is a dramatic prequel to the acclaimed soulslike action RPG, Lies of P. It transports you to the city of Krat in its final days of haunting, late-19th-century Belle Époque beauty. 

On the brink of the Puppet Frenzy massacre, you follow a legendary Stalker - a mysterious guide - through untold stories and chilling secrets. As Geppetto’s deadly puppet, you’ll journey through Krat and its surroundings, uncover hidden backstories, and face epic battles that shape the past and future of Lies of P.

The choices you make ripple through the past and present in the world of Lies of P, revealing hidden truths and leaving lasting consequences.

Embark on an unforgettable adventure where the symphony of steel clashes with the haunting melody of the unknown. Dare to unravel the mysteries of the past, for in the heart of darkness lies the key to unlocking the secrets of a timeless tale reborn.","PlayStation 5,PC",85.0,23,Generally favorable,81,406,Generally favorable,"84,85",Round 8 Studio of NEOWIZ,Neowiz,"['PlayStation 5', 'PC']","['Action RPG', 'Open-World Action', 'FPS']"
1300475739,Nioh: Complete Edition,2017-11-07,M,"Action RPG, FPS, Open-World Action","Ready to die? Experience the newest brutal action game from Team NINJA and Koei Tecmo Games. In the age of samurai, a lone traveler lands on the shores of Japan. He must fight his way through the vicious warriors and supernatural Yokai that infest the land in order to find that which he seeks.
",PC,84.0,23,Generally favorable,71,496,Mixed or average,84,Team Ninja,Koei Tecmo Games,['PC'],"['Action RPG', 'FPS', 'Open-World Action']"
1300633390,Kingdom Come: Deliverance II,2025-02-04,M,"Action RPG, Open-World Action, FPS","Kingdom Come: Deliverance II is a thrilling Action RPG, set amid the chaos of a civil war in 15th Century Bohemia.

You are Henry of Skalitz - an ordinary man doing extraordinary things - caught in a gripping tale of revenge, betrayal and discovery as he embarks on an epic journey, 'from a humble blacksmith's forge to the court of Kings', as he searches for purpose in this beautiful but brutal medieval world.

From bustling city streets to lush forests, discover this open-world Medieval Europe through an unforgettable adventure filled with action, thrill and wonder.","PC,PlayStation 5,Xbox Series X",89.0,77,Generally favorable,87,4242,Generally favorable,"89,88,88",Warhorse Studios,Deep Silver,"['PC', 'PlayStation 5', 'Xbox Series X']","['Action RPG', 'Open-World Action', 'FPS']"
1300129064,The Legend of Nayuta: Boundless Trails,2023-09-19,E10+,"Action RPG, Open-World Action, FPS","Nayuta spends his days gazing up at the stars above his island home and wondering what lies beyond the horizon. Though people claim the sea they live on is flat and finite, Nayuta knows there must be more out there, just waiting to be discovered.

Occasionally, ruins and stars will fall from the sky over Nayuta's home, offering what seem to be glimpses of other worlds. While exploring one such ruin, he and his friends save a small, fairy-like girl by the name of Noi. She tells Nayuta that something very important has been stolen from her and asks for his help in retrieving it.

It's with this that Nayuta's journey begins - one which will take him far beyond the confines of his island to experience new worlds and extraordinary discoveries!","PlayStation 4,PC,Nintendo Switch",75.0,12,Generally favorable,71,18,Mixed or average,"75,80,83",Falcom,"NIS America,Falcom,Clouded Leopard Entertainment","['PlayStation 4', 'PC', 'Nintendo Switch']","['Action RPG', 'Open-World Action', 'FPS']"
1300024083,X-Men Legends II: Rise of Apocalypse,2005-09-20,T,"Action RPG, Open-World Action, FPS","X-Men Legends II: Rise of Apocalypse introduces the epic storyline of an uneasy alliance between the X-Men and the hated Brotherhood in a fight to reclaim Earth from Apocalypse's grasp. Gameplay enhancements include more than double the superpowers and customization capabilities, the debut of several new playable characters, over 100 diverse types of enemies, and a breathtaking range of exotic and real-world environments—from the Madri Temple to Egypt. [Activision]","Xbox,PlayStation 2,GameCube,PSP,PC",84.0,50,Generally favorable,64,34,Mixed or average,"84,82,82,84,80",Raven Software,Activision,"['Xbox', 'PlayStation 2', 'GameCube', 'PSP', 'PC']","['Action RPG', 'Open-World Action', 'FPS']"
1300439124,Tales of Berseria,2017-01-24,T,"Action RPG, Linear Action Adventure, Open-World Action","Players set out on a journey of self-discovery as they assume the role of Velvet, a young woman whose once kind demeanor has been replaced and overcome with a festering anger and hatred after a traumatic experience three years prior to the events within TALES OF BERSERIA. Velvet will join a crew of pirates as they sail across the sea and visit the many islands that make up the sacred kingdom of Midgand in an all-new adventure developed by the celebrated team behind the TALES OF series.","PlayStation 4,PC",79.0,57,Generally favorable,80,601,Generally favorable,"79,80",Bandai Namco Games,Bandai Namco Games,"['PlayStation 4', 'PC']","['Action RPG', 'Linear Action Adventure', 'Open-World Action']"
1300500361,Unsighted,2021-09-30,T,"Action RPG, Open-World Action, FPS","The few androids that remain are running out of Anima, the energy that gives all robots consciousness. It’s up to you, Alma, to save your friends from becoming Unsighted. Explore the vast ruins of Arcadia, using every tool you can find. Time is ticking. They need you.","PC,Nintendo Switch,Xbox One",84.0,10,Generally favorable,77,89,Generally favorable,"84,88,84",Studio Pixel Punk,Humble Games,"['PC', 'Nintendo Switch', 'Xbox One']","['Action RPG', 'Open-World Action', 'FPS']"
1300043859,Torchlight,2011-03-09,T,"Action RPG, Open-World Action, FPS","Ember is the essence of magic and the keystone of alchemy; it lures the restless with promises of power and riches. Miners burrowed deep beneath the dirt streets of Torchlight, discovering veins of the ore richer than any found in living memory- but they were not the first to covet these mines. The miners from Torchlight broke through into the buried past, a dangerous labyrinth of caverns and ruined civilizations, twisted creatures and the bones of those who came before. Evil bubbles up from the depths and threatens to overrun Torchlight as it has so many others. The heart of a villain has infused the Ember, and his darkness seeps through the veins. [Runic Games]","PC,Xbox 360",81.0,61,Generally favorable,76,175,Generally favorable,"83,81",Runic Games,"Microsoft Game Studios,Runic Games","['PC', 'Xbox 360']","['Action RPG', 'Open-World Action', 'FPS']"
1300018561,The Witcher,2007-10-30,M,"Action RPG, Open-World Action, FPS","The Witcher combines spectacular and visually stunning action with deep and intriguing storyline. The game is set in a world created by best-selling Polish author Andrzej Sapkowski. The world shares many common features with other fantasy lands, but there are also some distinguishing elements setting it apart from others. The game features the player as a ""Witcher"", a warrior who has been trained to fight since childhood, subjected to mutations and trials that transformed him. He earns his living killing monsters and is a member of a brotherhood founded long ago to protect people from werewolves, the undead, and a host of other beasts. It's an action oriented, visually stunning, easy to use, single player RPG, with a deep and intriguing storyline. [CD Projekt]",PC,81.0,50,Generally favorable,83,1381,Generally favorable,81,CD Projekt Red Studio,"Atari SA,GamersGate,E-Frontier",['PC'],"['Action RPG', 'Open-World Action', 'FPS']"
1300000810,Diablo II,2000-06-28,M,"Action RPG, Open-World Action, Linear Action Adventure","In Diablo II, return to a world of dark fantasy. As one of five distinct character types, explore the world of Diablo II -- journey across distant lands, fight new villains, discover new treasures, and uncover ancient mysteries, all in the quest to stop the Lord Of Terror, once and for all.  [Blizzard Entertainment]",PC,88.0,34,Generally favorable,88,1967,Generally favorable,88,Blizzard North,"Blizzard Entertainment,Capcom,Havas Interactive",['PC'],"['Action RPG', 'Open-World Action', 'Linear Action Adventure']"
1300500093,Persona 5 Strikers,2021-02-19,M,"Action RPG, Open-World Action, Linear Action Adventure","The sequel to the international smash-hit Persona 5 (3.2 million copies world-wide) is now available as the series' first action RPG! Featuring an all-new story set up half a year after the events of P5! 

Travel Japan! 
Following the events of P5, the Phantom Thieves of Hearts gather once more during their summer break to solve the mystery behind new change of heart cases that are occurring all over Japan! 

Persona 5 is now an action RPG!
The new action battle system makes hitting enemy weak points to activate a 1 More or All-Out Attack, which fans have come to love, even easier!

You can even use Baton Pass to play as other characters!
In the newly introduced Jails, you can switch controls between characters at any time! Clear the game with style by using different characters in unique situations!
 
New character! 
Who is this new mysterious girl you meet in the Shibuya of the other world? Find out as she fights alongside you as the newest member of the Phantom Thieves of Hearts!","Nintendo Switch,PlayStation 4,PC",83.0,73,Generally favorable,78,677,Generally favorable,"81,83,76","Omega Force,P-Studio","Sega,Atlus","['Nintendo Switch', 'PlayStation 4', 'PC']","['Action RPG', 'Open-World Action', 'Linear Action Adventure']"
1300381288,Devil May Cry 4: Special Edition,2015-06-23,M,"Linear Action Adventure, Open-World Action, FPS","Devil May Cry 4 throws you into a gothic supernatural world, where a new protagonist clashes with a familiar hero. As the new leading man, Nero, you unleash incredible attacks and non-stop combos using a new gameplay mechanic, his powerful ""Devil Bringer"" arm. On the coast of a distant land you'll find the castle town of Fortuna. It is here that the group known as the Order of the Sword practices an elusive religion. They revere the demon warrior Sparda, who as their god fought to protect humans, and are committed to the extermination of all demons. Nero, a young knight from the Order, is tasked with finding Dante, the mysterious assassin who murdered the head of the Order of the Sword. Simultaneously, more demons begin to surface throughout the city. Nero soon comes to discover the motives behind Dante's appearance and the truth behind the intentions of the Order of the Sword. ","PlayStation 4,Xbox One,PC",76.0,31,Generally favorable,80,256,Generally favorable,"75,76,72",Capcom,Capcom,"['PlayStation 4', 'Xbox One', 'PC']","['Linear Action Adventure', 'Open-World Action', 'FPS']"
1300083693,DmC: Devil May Cry,2013-01-15,M,"Linear Action Adventure, Open-World Action, Action RPG","In a society infused with demons, only The Order can, in Platonic style, see the world as it truly is. Join Dante in this stylish action experience; chain together multiple combos with flair and send the demonic spawn back to hell – reveal the truth behind the lies. Delve into Dante’s dark past confronting some the most familiar faces in the DmC universe. Harness unimaginable powers combined with Dante’s notorious arsenal of weapons: sword, scythe, axe, pistols and more.","PlayStation 3,Xbox 360,PC",86.0,65,Generally favorable,60,1669,Mixed or average,"85,86,85",Ninja Theory,Capcom,"['PlayStation 3', 'Xbox 360', 'PC']","['Linear Action Adventure', 'Open-World Action', 'Action RPG']"
1300027667,Tomb Raider: Anniversary,2007-10-23,T,"Linear Action Adventure, Action RPG, Open-World Action","Inspired by the first Tomb Raider videogame, originally released in 1996, Lara Croft Tomb Raider: Anniversary is a totally new 2006 adventure for Lara, faithfully preserving the elements which made the original Tomb Raider such a classic. Using an enhanced ""Tomb Raider Legend"" game engine, the graphics, technology and physics bring Lara's adventure and pursuit of a mystical artefact known only as the Scion up to today’s technology standards and offer gamers a completely new gameplay experience. The puzzles are now more in depth and incorporate environmental interaction and physics driven solutions. The level design and flow of gameplay are inspired by the original videogame making Lara Croft Tomb Raider: Anniversary a brand new experience in gaming, while still invoking the nostalgia of the first adventure in Tomb Raiding. [Eidos Interactive]","PSP,PC,Wii,Xbox 360",77.0,33,Generally favorable,79,126,Generally favorable,"78,83,73,77",Crystal Dynamics,"Eidos Interactive,Spike","['PSP', 'PC', 'Wii', 'Xbox 360']","['Linear Action Adventure', 'Action RPG', 'Open-World Action']"
1300454296,The Final Station,2016-08-30,,"Linear Action Adventure, Open-World Action, FPS","Travel by train through a dying world. Look after your passengers, keep your train operational, and make sure you can always reach the next station. Make your way through swarms of infected at each station. Explore mysterious and abandoned stations looking for supplies and survivors.","PC,PlayStation 4,Xbox One,Nintendo Switch",76.0,24,Generally favorable,75,102,Generally favorable,"76,68,70,80",Do My Best Games,tinyBuild,"['PC', 'PlayStation 4', 'Xbox One', 'Nintendo Switch']","['Linear Action Adventure', 'Open-World Action', 'FPS']"
1300071375,Spider-Man: Shattered Dimensions,2010-09-07,T,"Linear Action Adventure, Open-World Action, FPS",Swing your way into action to help restore reality with your friendly neighborhood Spiderman.,"Xbox 360,PlayStation 3,Wii,PC",76.0,68,Generally favorable,79,230,Generally favorable,"76,74,75,68",Beenox,Activision,"['Xbox 360', 'PlayStation 3', 'Wii', 'PC']","['Linear Action Adventure', 'Open-World Action', 'FPS']"
1300033925,Ghostbusters: The Video Game,2009-06-16,T,"Linear Action Adventure, Open-World Action, Action RPG","The Ghostbusters are back in an all new story penned by the original creators. With Manhattan newly overrun by ghosts and other supernatural creatures, it's up to you to take on the role of a new recruit joining the original film cast of the famous Ghostbusters team. Equipped with a variety of unique weapons and gadgets, you will hunt, fight and capture a wide range of uncanny phantasms and demons in an all new funny and frightening battle to save New York City from its latest paranormal plague. To deliver a special gaming experience to the tremendous Ghostbusters’ fan base around the world, the game features the original film cast from the classic Ghostbusters films, Bill Murray, Dan Aykroyd, Harold Ramis, and Ernie Hudson, back again for the first time in more than 20 years. Supporting the ghost busting crew are the talents of Annie Potts, Brian Doyle Murray and William Atherton. [Sierra Entertainment]","PC,PlayStation 2,PlayStation 3,Xbox 360,Wii,PSP",78.0,74,Generally favorable,78,117,Generally favorable,"74,64,78,79,76,54",Terminal Reality,"Atari SA,SCEE,SCE Australia","['PC', 'PlayStation 2', 'PlayStation 3', 'Xbox 360', 'Wii', 'PSP']","['Linear Action Adventure', 'Open-World Action', 'Action RPG']"
1300020626,Tomb Raider: Legend,2006-04-11,T,"Linear Action Adventure, Open-World Action, Action RPG","Tomb Raider: Legend revives the athletic, intelligent and entertaining adventurer who won the hearts and minds of gamers worldwide.  Lara comes alive with intricately animated expressions, moves and abilities.  An arsenal of modern equipment, such as a magnetic grappling device, binoculars, frag grenades, personal lighting device and communications equipment, allows gamers to experience tomb raiding as never before.  Eidos and Crystal Dynamics shaped Lara's look and movements to be an inherent extension of her skills, motivation and personality.  Lara's character model features natural structure, realistic textures, detailed facial features, reactive eyes and fluid motion, all of which make her part of a living environment. New character animations and controls allow her to move through stunning environments with grace and precision, while an understanding of the game's original appeal reinvigorates the fundamental explore-and-solve adventure experience. [Eidos Interactive]","PlayStation 2,PC,PSP,Xbox 360,Xbox,GameCube,DS",80.0,54,Generally favorable,80,201,Generally favorable,"82,82,67,80,82,78,58",Crystal Dynamics,"Eidos Interactive,Spike","['PlayStation 2', 'PC', 'PSP', 'Xbox 360', 'Xbox', 'GameCube', 'DS']","['Linear Action Adventure', 'Open-World Action', 'Action RPG']"
1300491535,Defector,2019-07-11,,"Linear Action Adventure, Survival, Open-World Action","Overcome impossible odds and survive certain death scenarios in the undercover spy thriller that VR has been waiting for. You'll need every advanced weapon, cutting-edge technology, and deceptive tactic in your arsenal. Good luck agent. [Oculus]",PC,75.0,13,Generally favorable,42,9,Generally unfavorable,75,Twisted Pixel Games,Oculus Studios,['PC'],"['Linear Action Adventure', 'Survival', 'Open-World Action']"
1300518981,It Takes Two,2021-03-26,T,"Linear Action Adventure, FPS, Action RPG","From Hazelight comes It Takes Two an innovative co-op adventure where uniquely varied gameplay and emotional storytelling intertwine in a fantastical journey. Founded to push the creative boundaries of what's possible in games, Hazelight is the award-winning studio behind the critically acclaimed A Way Out and Brothers: A Tale of Two Sons.

Something out of the ordinary
Bring your favorite co-op partner and together step into the shoes of May and Cody. As the couple is going through a divorce, through unknown means their minds are transported into two dolls which their daughter, Rose, made to represent them. Now they must reluctantly find a way to get back into their bodies, a quest which takes them through the most wild, unexpected and fantastical journey imaginable.","PlayStation 4,PC,PlayStation 5,Xbox Series X,Nintendo Switch",88.0,50,Generally favorable,89,2875,Generally favorable,"89,89,88,89,82",Hazelight,Electronic Arts,"['PlayStation 4', 'PC', 'PlayStation 5', 'Xbox Series X', 'Nintendo Switch']","['Linear Action Adventure', 'FPS', 'Action RPG']"
1300464367,Slime-san,2017-06-08,E,"Linear Action Adventure, Open-World Action, FPS","Slime-san was minding his own business when suddenly… A giant worm appeared and gobbled him up! Deep within the worm’s belly, Slime-san has to face a decision: Be digested by the incoming wall of stomach acid... Or jump, slide and slime his way through the worm and back out its mouth!","PC,Nintendo Switch",82.0,11,Generally favorable,79,48,Generally favorable,"78,82",Fabraz,Headup Games,"['PC', 'Nintendo Switch']","['Linear Action Adventure', 'Open-World Action', 'FPS']"
1300619090,Brothers: A Tale of Two Sons Remake,2024-02-28,T,"Linear Action Adventure, Action RPG, Open-World Action","With their father suffering from a deadly illness, two brothers must bravely set out to find the ""Water of Life,"" the one cure that can save him. With no option for failure the brothers must rely on each other using their individual skills to protect one another and overcome the obstacles ahead in this unforgettable journey.

Hailed by critics when it was originally released, Brothers: A Tale of Two Sons is back! Faithful to the gameplay and touching story from 2013, Brothers: A Tale of Two Sons Remake features rebuilt characters and landscapes based on the original and has been updated to the latest generation of graphics, performance, and gameplay. Paired with a re-recorded soundtrack with a live orchestra, prepare for an emotional experience that will take your adventure to all new heights.","PC,Xbox Series X,PlayStation 5",79.0,29,Generally favorable,74,119,Mixed or average,"79,82,79",Avantgarden Games,"505 Games,Limited Run Games","['PC', 'Xbox Series X', 'PlayStation 5']","['Linear Action Adventure', 'Action RPG', 'Open-World Action']"
1300023870,Prince of Persia: The Two Thrones,2005-12-01,M,"Linear Action Adventure, Action RPG, FPS","The Prince of Persia, a seasoned warrior, returns from the Island of Time to Babylon with his love, Kaileena. Instead of the peace that he longs for, he finds his homeland ravaged by war and the kingdom turned against him. The Prince is rapidly captured and Kaileena has no choice but to sacrifice herself and unleash the Sands of Time in order to save him. Now cast out on the streets and hunted as a fugitive, the Prince soon discovers that past battles have given rise to a deadly Dark Prince, whose spirit gradually possesses him. Play and master two distinct characters: Wield the powers and weapons of two master warriors with different combat styles, attitudes, and histories. Choose your way to fight: Master the expanded Free-Form Fighting system to destroy enemies in your own style; strangle enemies from afar with the deadly Daggertail; or surprise them with full-speed one-shot kills using a brand new stealth art. The choice is yours. Battle freely through Babylon: Dominate enemies on the perilous rooftops, dodge through chaotic streets, and ambush pursuers in dark, underground passageways. Immerse yourself in a dramatic story: Experience unparalleled depth in storytelling as you fight your way through a twisting tale filled with adrenaline, tension and discovery. Manipulate time to surprise enemies: Execute powerful attacks against entire armies by slowing down or rewinding time, or surprise them by using some all-new Sands of Time powers. Experience a masterful blend of gameplay: True to the Prince of Persia; franchise, the game provides a variety of action combat, agility and story-driven puzzles - all masterfully blended together into a rich gaming experience. [Ubisoft]","Xbox,PlayStation 2,PC,GameCube",85.0,46,Generally favorable,81,201,Generally favorable,"85,85,85,84",Ubisoft,Ubisoft,"['Xbox', 'PlayStation 2', 'PC', 'GameCube']","['Linear Action Adventure', 'Action RPG', 'FPS']"
1300020515,Prince of Persia: Warrior Within,2004-11-30,M,"Linear Action Adventure, Action RPG, FPS","The Prince has to embark upon a path of both carnage and mystery to defy his preordained death. His journey leads to the infernal core of a cursed island stronghold harboring mankind's greatest fears. Only through grim resolve, bitter defiance and the mastery of deadly new combat arts can the Prince rise to a new level of warriorship - and emerge from this ultimate trial with his life. In order to accomplish his mission, the Prince benefits from a brand new free-form fighting system that allows gamers to channel his anger as they wage battle without boundaries. Each game fan will find his or her own unique fighting style as they manipulate their environment and control the Ravages of Time. You can dig into an arsenal of weapons that, when used in combination, create advanced arm attacks that verge on fatal artistry! Prince of Persia: Warrior Within promises that game fans will fight harder, and play longer, emerging from the experience as deadly-capable skilled masters of their own unique combat art form. [Ubisoft]","PSP,PlayStation 2,Xbox,GameCube,PC,iOS (iPhone/iPad)",83.0,55,Generally favorable,85,202,Generally favorable,"65,83,83,83,83,72",Ubisoft Montreal,Ubisoft,"['PSP', 'PlayStation 2', 'Xbox', 'GameCube', 'PC', 'iOS (iPhone/iPad)']","['Linear Action Adventure', 'Action RPG', 'FPS']"
1300572186,The Last of Us Part I,2022-09-02,M,"Linear Action Adventure, Open-World Action, Action RPG","In a ravaged civilization, where infected and hardened survivors run rampant, Joel, a weary protagonist, is hired to smuggle 14-year-old Ellie out of a military quarantine zone. However, what starts as a small job soon transforms into a brutal cross-country journey. Includes the complete The Last of Us single-player story and celebrated prequel chapter, Left Behind, which explores the events that changed the lives of Ellie and her best friend Riley forever.","PlayStation 5,PC",89.0,115,Generally favorable,80,5615,Generally favorable,"89,59",Naughty Dog,"Sony Interactive Entertainment,SCEE","['PlayStation 5', 'PC']","['Linear Action Adventure', 'Open-World Action', 'Action RPG']"
1300035494,Bayonetta,2010-01-05,M,"Linear Action Adventure, Action RPG, Open-World Action","Bayonetta is a stylish and cinematic action game directed by creator Hideki Kamiya. A member of an ancient witch clan and possessing powers beyond the comprehension of mere mortals, Bayonetta faces-off against countless ethereal enemies, many reaching epic proportions, in a game of 100% pure, unadulterated all-out action. Outlandish finishing moves are performed with balletic grace as Bayonetta flows from one fight to another. With over-the-top action taking place in stages that are a veritable theme park of exciting attractions, Bayonetta pushes the limits of the action genre, bringing to life its fast-paced, dynamic climax combat. [Sega]","PlayStation 3,Xbox 360,Wii U,PC,Nintendo Switch,PlayStation 4",90.0,86,Universal acclaim,83,941,Generally favorable,"87,90,86,90,84,81",PlatinumGames,Sega,"['PlayStation 3', 'Xbox 360', 'Wii U', 'PC', 'Nintendo Switch', 'PlayStation 4']","['Linear Action Adventure', 'Action RPG', 'Open-World Action']"
1300145158,Dead Space 3,2013-02-05,M,"Linear Action Adventure, Action RPG, Open-World Action","Dead Space 3 embodies deep space terror. Players take a thrilling ride through space that takes them to a hostile new planet, Tau Volantis. Fortunately, they are not alone this time around. The fully integrated drop-in/drop-out co-op feature gives players the option to play alone or team-up with a friend anytime. Players that choose to take down the terror together experience additional story details, side missions and gameplay mechanics only found when playing as John Carver.","PlayStation 3,Xbox 360,PC",78.0,68,Generally favorable,64,997,Mixed or average,"76,78,78",Visceral Games,Electronic Arts,"['PlayStation 3', 'Xbox 360', 'PC']","['Linear Action Adventure', 'Action RPG', 'Open-World Action']"
1300459505,Little Nightmares,2017-04-28,T,"Linear Action Adventure, Open-World Action, FPS","Immerse yourself in Little Nightmares, a dark whimsical tale that will confront you with your childhood fears. Help Six escape The Maw – a vast, mysterious vessel inhabited by corrupted souls looking for their next meal.","PlayStation 4,Xbox One,PC",78.0,52,Generally favorable,80,1217,Generally favorable,"78,83,81",Tarsier Studios,Bandai Namco Games,"['PlayStation 4', 'Xbox One', 'PC']","['Linear Action Adventure', 'Open-World Action', 'FPS']"
1300237117,Volume,2015-08-18,T,"Linear Action Adventure, Action RPG, Open-World Action","Robert Locksley is a petty thief who happens upon a device known as ""Volume"". Originally intended to be utilized as part of a secret military coup, Robert now has the ability to simulate high-profile heists, so what does he choose to do? Broadcast these crimes over the internet. Make your way through this postmodern twist on Let's Play videos with the help of Danny Wallace as the voice of the Volume artificial Intelligence. From Mike Bithell, creator of Thomas Was Alone.","PC,PlayStation 4,PlayStation Vita",80.0,34,Generally favorable,73,58,Mixed or average,"80,71,86",Mike Bithell,Mike Bithell,"['PC', 'PlayStation 4', 'PlayStation Vita']","['Linear Action Adventure', 'Action RPG', 'Open-World Action']"
1300127177,Alan Wake's American Nightmare,2012-02-22,T,"Linear Action Adventure, Action RPG, Open-World Action","After the events of Alan Wake, our eponymous hero finds himself embroiled in a new adventure in Arizona, where his own words again hold the key to defeating his evil twin, the malevolent Mr. Scratch, who spreads darkness where he goes. Now more experienced at dealing with the weird and horrific, Wake is determined to turn the tide. [Microsoft]","Xbox 360,PC",76.0,72,Generally favorable,74,295,Mixed or average,"76,73",Remedy Entertainment,Microsoft Game Studios,"['Xbox 360', 'PC']","['Linear Action Adventure', 'Action RPG', 'Open-World Action']"
1300506179,Timelie,2020-05-20,,"Linear Action Adventure, FPS, Open-World Action","Al-Khawarizmi Brings another great Fun Game Rescue Me.
The aim of this game is to rescue the boy.
There are two buttons provided on either sides of the screen 
One for small jump and the other for long jump.
obstacles come on the way and use appropriate button on time to jump and save the boy.",PC,77.0,8,Generally favorable,74,28,Mixed or average,77,Urnique Studio,Urnique Studio,['PC'],"['Linear Action Adventure', 'FPS', 'Open-World Action']"
